movieLabel,gross,cost,publicationYear,IMDBid
Wanted,341400000,,2008,tt0493464
Skyfall,1108561013,,2012,tt1074638
The Last Airbender,319700000,,2010,tt0938283
The Day After Tomorrow,542771772,,2004,tt0319262
National Lampoon's Van Wilder,38275483,,2002,tt0283111
GoldenEye,352200000,,1995,tt0113189
Life is Beautiful,229163264,,1997,tt0118799
Godzilla,379014294,,1998,tt0120685
Liar Liar,302700000,,1997,tt0119528
Live Free or Die Hard,383500000,,2007,tt0337978
Men in Black,589390539,,1997,tt0119654
The Passion of the Christ,610061517,,2004,tt0335345
Ghost Rider,228700000,,2007,tt0259324
Star Wars: Episode III – Revenge of the Sith,850035635,,2005,tt0121766
Michael Jackson's This Is It,261200000,,2009,tt1477715
The Twilight Saga: Breaking Dawn – Part 2,829746820,,2012,tt1673434
The Twilight Saga: Breaking Dawn – Part 1,712205856,,2011,tt1324999
The English Patient,232000000,,1996,tt0116209
Cruel Intentions,75902208,,1999,tt0139134
American Beauty,356296601,,1999,tt0169547
Indiana Jones and the Temple of Doom,333100000,,1984,tt0087469
Black Swan,329400000,,2010,tt0947798
Star Wars Episode VI: Return of the Jedi,475100000,,1983,tt0086190
Spider-Man 3,890871626,,2007,tt0413300
Shakespeare in Love,289300000,,1998,tt0138097
The Sixth Sense,672806292,,1999,tt0167404
The Curious Case of Benjamin Button,333900000,,2008,tt0421715
Million Dollar Baby,216800000,,2004,tt0405159
Dirty Rotten Scoundrels,42000000,,1988,tt0095031
Indiana Jones and the Last Crusade,474200000,,1989,tt0097576
Borat,261572744,,2006,tt0443453
The Day the Earth Stood Still,233093859,,2008,tt0970416
Rain Man,354800000,,1988,tt0095953
Mamma Mia!,609896805,,2008,tt0795421
The Matrix Reloaded,741846459,,2003,tt0234215
Spider-Man 2,783766341,,2004,tt0316654
Transformers: Revenge of the Fallen,836303693,,2009,tt1055369
Clash of the Titans,493200000,,2010,tt0800320
Kramer vs. Kramer,106000000,,1980,tt0079417
Good Will Hunting,225900000,,1997,tt0119217
Pearl Harbor,449200000,,2001,tt0213149
8 Mile,242900000,,2002,tt0298203
The Wolverine,414800000,,2013,tt1430132
Sherlock Holmes,524028679,,2009,tt0988045
"I, Robot",347200000,,2004,tt0343818
Notting Hill,363889678,,1999,tt0125439
Forgetting Sarah Marshall,105173115,,2008,tt0800039
War of the Worlds,591745532,,2005,tt0407304
Halloween III: Season of the Witch,14400000,,1982,tt0085636
Philadelphia,206700000,,1993,tt0107818
The Blind Side,975200000,,2009,tt0878804
Space Jam,230400000,,1996,tt0117705
Tomorrow Never Dies,333000000,,1997,tt0120347
Ne Zha,701878927,,2019,tt10627720
Juno,231400000,,2007,tt0467406
Harry Potter and the Chamber of Secrets,879465594,,2002,tt0295297
Independence Day,817400891,,1996,tt0116629
The Bourne Identity,214034224,,2002,tt0258463
Die Hard 2,240031094,,1990,tt0099423
X-Men,296300000,,2000,tt0120903
Dead Poets Society,235860116,,1989,tt0097165
The Fifth Element,263900000,,1997,tt0119116
Die Hard with a Vengeance,366100000,,1995,tt0112864
Sleepless in Seattle,227927165,,1993,tt0108160
The Bourne Ultimatum,442800000,,2007,tt0440963
Speed,350400000,,1994,tt0111257
The Proposal,317400000,,2009,tt1041829
A Few Good Men,243200000,,1992,tt0104257
Zatōichi,32300000,,2003,tt0363226
Life of Pi,609016565,,2012,tt0454876
The Fugitive,368900000,,1993,tt0106977
Men in Black II,441818803,,2002,tt0120912
The Bourne Supremacy,288500000,,2004,tt0372183
The King's Spech,414200000,,2010,tt1504320
Twilight,393600000,,2008,tt1099212
Top Gun,356800000,,1986,tt0092099
Collateral,217800000,,2004,tt0369339
Vanilla Sky,203400000,,2001,tt0259711
Dancer in the Dark,45584036,,2000,tt0168629
Dune,30925690,,1984,tt0087182
Batman,411300000,,1989,tt0096895
The Twilight Saga: New Moon,711020081,,2009,tt1259571
The Piano,40157856,,1993,tt0107822
Grown Ups,271400000,,2010,tt1375670
Monsieur Ibrahim,11600000,,2003,tt0329388
Dr. Seuss' How the Grinch Stole Christmas,345100000,,2000,tt0170016
Fun with Dick and Jane,202026112,,2005,tt0369441
The Heat,229900000,,2013,tt2404463
Traffic,207500000,,2000,tt0181865
The Motorcycle Diaries,57600000,,2004,tt0318462
The Terminal,219417255,,2004,tt0362227
Interview with the Vampire,223700000,,1994,tt0110148
Rambo: First Blood Part II,300400000,,1985,tt0089880
Dark Shadows,245500000,,2012,tt1077368
Resident Evil: Afterlife,300200000,,2010,tt1220634
Dogville,16680836,,2003,tt0276919
The Karate Kid,359100000,,2010,tt1155076
Men in Black 3,624026776,,2012,tt1409024
Jerry Maguire,273600000,,1996,tt0116695
Public Enemies,214104620,,2009,tt1152836
Mr. Bean's Holiday,229700000,,2007,tt0453451
The Abyss,90000098,,1989,tt0096754
L.A. Confidential,126216,,1997,tt0119488
Ace Ventura: When Nature Calls,212385533,,1995,tt0112281
Real Steel,299268508,,2011,tt0433035
American Gangster,266500000,,2007,tt0765429
The Elephant Man,26010864,,1980,tt0080678
"Crouching Tiger, Hidden Dragon",213500000,,2000,tt0190332
The Hangover Part II,586764305,,2011,tt1411697
Australia,211368784,,2008,tt0455824
The Girl with the Dragon Tattoo,104395170,,2009,tt1132620
Taken,226800000,,2008,tt0936501
You've Got Mail,250800000,,1998,tt0128853
Stuck on You,65000000,,2003,tt0338466
Oscar,23562716,,1991,tt0102603
American Reunion,235000000,,2012,tt1605630
Pretty Woman,463406268,,1990,tt0100405
Catch Me If You Can,352100000,,2002,tt0264464
Out of Africa,227500000,,1985,tt0089755
Armageddon,553709788,,1998,tt0120591
Iron Man 3,1214811252,,2013,tt1300854
Shutter Island,294800000,,2010,tt1130884
Journey 2: The Mysterious Island,335300000,,2012,tt1397514
I Am Legend,585349010,,2007,tt0480249
The Hunger Games,694394724,,2012,tt1392170
The Rock,335100000,,1996,tt0117500
The Twilight Saga: Eclipse,698491347,,2010,tt1325004
24 Hour Party People,2800000,,2002,tt0274309
X-Men Origins: Wolverine,373100000,,2009,tt0458525
25th Hour,341517.73,,2002,tt0307901
Constantine,230900000,,2005,tt0360486
The Hangover,467500000,,2009,tt1119646
The Mask,351600000,,1994,tt0110475
X2,407700000,,2003,tt0290334
The Pursuit of Happiness,307100000,,2006,tt0454921
American Pie,235500000,,1999,tt0163651
Erin Brockovich,256271286,,2000,tt0195685
The Cell,104155843,,2000,tt0209958
A.I. Artificial Intelligence,235926552,,2001,tt0212720
X-Men: The Last Stand,459400000,,2006,tt0376994
Hairspray,202500000,,2007,tt0427327
Knocked Up,219100000,,2007,tt0478311
2 Fast 2 Furious,236400000,,2003,tt0322259
Jumanji,262800000,,1995,tt0113497
Face/Off,245676146,,1997,tt0119094
Fantastic Four,330600000,,2005,tt0120667
The Da Vinci Code,758239851,,2006,tt0382625
Resident Evil: Apocalypse,129300000,,2004,tt0318627
Harry Potter and the Deathly Hallows – Part 1,960666490,,2010,tt0926084
Harry Potter and the Half-Blood Prince,934326396,,2009,tt0417741
"10,000 BC",269800000,,2008,tt0443649
A Beautiful Mind,313500000,,2001,tt0268978
101 Reykjavík,126.404,,2000,tt0237993
10 Things I Hate About You,893344.07,,1999,tt0147800
Ten Canoes,3000000,,2006,tt0466399
Ratatouille,623722818,,2007,tt0382932
Transformers,709709780,,2007,tt0418279
Alvin and the Chipmunks: Chipwrecked,342700000,,2011,tt1615918
The Smurfs,563749323,,2011,tt0472181
Pietà,3623330,,2012,tt2299842
Mrs. Doubtfire,441300000,,1993,tt0107614
Amélie,173900000,,2001,tt0211915
Spider-Man,825025036,,2002,tt0145487
The Lake House,114830111,,2006,tt0410297
Requiem for a Dream,7400000,,2000,tt0180093
Austin Powers: The Spy Who Shagged Me,312016858,,1999,tt0145660
Coming to America,288800000,,1988,tt0094898
The Bourne Legacy,276100000,,2012,tt1194173
Fast Five,626137675,,2011,tt1596343
Lethal Weapon 4,285400000,,1998,tt0122151
Passion Fish,4814619,,1992,tt0105107
When Father Was Away on Business,41184,,1985,tt0089748
Get Low,9695282,,2009,tt1194263
Dumb and Dumber,247300000,,1994,tt0109686
"Girl, Interrupted",48300000,,1999,tt0172493
Chicken Run,224800000,,2000,tt0120630
Lara Croft: Tomb Raider,274703340,,2001,tt0146316
The Village,256700000,,2004,tt0368447
The Bodyguard from Beijing,11193177,,1994,tt0111835
The Chronicles of Narnia: The Voyage of the Dawn Treader,415700000,,2010,tt0980970
Ted,549368315,,2012,tt1637725
Unbreakable,248100000,,2000,tt0217869
Blue Velvet,8551228,,1986,tt0090756
Dr. Dolittle,294500000,,1998,tt0118998
Noi the Albino,1317132,,2003,tt0351461
What Happens in Vegas,219375797,,2008,tt1033643
Click,237700000,,2006,tt0389860
Rush Hour 3,258000000,,2007,tt0293564
Austin Powers in Goldmember,296700000,,2002,tt0295178
Now You See Me,351723989,,2013,tt1670345
Gone in 60 Seconds,237200000,,2000,tt0187078
Fatal Attraction,320100000,,1987,tt0093010
Big Daddy,234801895,,1999,tt0142342
Field of Dreams,84,,1989,tt0097351
My Big Fat Greek Wedding,368700000,,2002,tt0259446
Miss Congeniality,212700000,,2000,tt0212346
Jumper,222200000,,2008,tt0489099
The Smurfs 2,347545360,,2013,tt2017020
The Congress,455815,,2013,tt1821641
Valentine's Day,216500000,,2010,tt0817230
Journey to the Center of the Earth,242000000,,2008,tt0373051
Lawless,53676580,,2012,tt1212450
Eat Pray Love,204600000,,2010,tt0879870
Wrath of the Titans,305300000,,2012,tt1646987
Charlie's Angels,264100000,,2000,tt0160127
Harry Potter and the Deathly Hallows – Part 2,1341932398,,2011,tt1201607
Transformers: Dark of the Moon,1123794079,,2011,tt1399103
Wedding Crashers,285200000,,2005,tt0396269
Eragon,249500000,,2006,tt0449010
Sherlock Holmes: A Game of Shadows,543848418,,2011,tt1515091
The Departed,291500000,,2006,tt0407887
Raiders of the Lost Ark,389900000,,1981,tt0082971
Halloween: Resurrection,37664855,,2002,tt0220506
There's Something About Mary,369900000,,1998,tt0129387
Super 8,260100000,,2011,tt1650062
Fast & Furious,363200000,,2009,tt1013752
Sex and the City,415300000,,2008,tt1000774
Rocky IV,300473716,,1985,tt0089927
Star Trek: Nemesis,67312826,,2002,tt0253754
Fantastic Four: Rise of the Silver Surfer,289000000,,2007,tt0486576
Something's Gotta Givej,266700000,,2003,tt0337741
A Royal Affair,7594693,,2012,tt1276419
My Mother Likes Women,3357000,,2002,tt0306432
Baazigar,110000000,,1993,tt0106333
Indecent Proposal,266600000,,1993,tt0107211
Con Air,224000000,,1997,tt0118880
The Promise,34209000,,2005,tt0417976
Nobody Knows,2200000,,2004,tt0408664
The Method,3500000,,2005,tt0427582
Man of Steel,668045518,,2013,tt0770828
The Tourist,278300000,,2010,tt1243957
The Thirteenth Floor,18564088,,1999,tt0139809
The 6th Day,116000000,,2000,tt0216216
Ocean's Thirteen,311312624,,2007,tt0496806
Scary Movie 3,220700000,,2003,tt0306047
The Golden Compass,372200000,,2007,tt0385752
Lethal Weapon 2,227853986,,1989,tt0097733
Lethal Weapon 3,321700000,,1992,tt0104714
Last Hero in China,18178129,,1993,tt0108593
Bean,251200000,,1997,tt0118689
Ransom,309492681,,1996,tt0117438
Scott Pilgrim vs. the World,47664559,,2010,tt0446029
Confessions of a Dangerous Mind,33000000,,2002,tt0270288
Sister Act,231600000,,1992,tt0105417
Presumed Innocent,221300000,,1990,tt0100404
Patch Adams,202300000,,1998,tt0129290
The Firm,270200000,,1993,tt0106918
Cliffhanger,255000000,,1993,tt0106582
Wild Hogs,253600000,,2007,tt0486946
The Wind That Shakes the Barley,22899908,,2006,tt0460989
Rush Hour 2,347300000,,2001,tt0266915
The Break-Up,204963084,,2006,tt0452594
Bridesmaids,288400000,,2011,tt1478338
Bridget Jones: The Edge of Reason,262500000,,2004,tt0317198
It's Complicated,219000000,,2009,tt1230414
The Human Centipede,252207,,2009,tt1467304
Inland Empire,4028293,,2006,tt0460829
Formula 17,10760000,,2004,tt0420627
Wrongfully Accused,9623329,,1998,tt0120901
Babe,254100000,,1995,tt0112431
Hannibal,351692268,,2001,tt0212985
Rocky Balboa,155721132,,2006,tt0479143
The Bodyguard,411006740,,1992,tt0103855
The Green Hornet,227800000,,2011,tt0990407
Meet the Fockers,516600000,,2004,tt0290002
JFK,205405498,,1991,tt0102138
Perfect,13000000,,1985,tt0089798
Just Go with It,214900000,,2011,tt1564367
The 13th Warrior,4494054.16,,1999,tt0120657
What Lies Beneath,291400000,,2000,tt0161081
Get Smart,230700000,,2008,tt0425061
Undertow,143597,,2004,tt0360130
The Hunger Games: Catching Fire,865011746,,2012,tt1951264
Entrapment,212404396,,1999,tt0137494
Elena,16182427,,2011,tt1925421
S.W.A.T.,207700000,,2003,tt0257076
Knight and Day,261900000,,2010,tt1013743
Twister,494500000,,1996,tt0117998
Invictus,122200000,,2009,tt1057500
Hulk,245360480,,2003,tt0286716
Alvin and the Chipmunks: The Road Chip,234798636,,2015,tt2974918
The Hairdresser's Husband,2710000,,1990,tt0100112
Babylon A.D.,72000000,,2008,tt0364970
Bad Teacher,216200000,,2011,tt1284575
Beauty Shop,37245453,,2005,tt0388500
Diminished Capacity,23719,,2008,tt1007950
The Great Gatsby,353641895,,2013,tt1343092
Hitch,368100000,,2005,tt0386588
Kundun,5532301,,1997,tt0119485
Three Steps Above Heaven,9881471,,2010,tt1648216
A Walk in the Clouds,50008143,,1995,tt0114887
Elf,220900000,,2003,tt0319343
Noviembre,1028015.94,,2003,tt0376800
Say Anything...,21500000,,1989,tt0098258
Four Weddings and a Funeral,245700832,,1994,tt0109831
Horrible Bosses,209600000,,2011,tt1499658
Miami Rhapsody,5221281,,1995,tt0113808
Halloween,80253908,,2007,tt0373883
Extremely Loud and Incredibly Close,47847881,,2011,tt0477302
Safe,40346186,,2012,tt1656190
The Ugly Truth,205300000,,2009,tt1142988
Child's Play,44196684,,1988,tt0094862
Scooby-Doo,275650703,,2002,tt0267913
Halloween 5: The Revenge of Michael Myers,11642254,,1989,tt0097474
Fist of Legend,16060576,,1994,tt0110200
Eastern Condors,21606063,,1987,tt0090956
Casper,287900000,,1995,tt0112642
Stuart Little,300100000,,1999,tt0164912
Immortals,226904017,,2011,tt1253864
Cats & Dogs,200700000,,2001,tt0239395
Scary Movie 4,178710620,,2006,tt0362120
Warning Sign,1918117,,1985,tt0090293
In the Mood for Love,2734044,,2000,tt0118694
Paranormal Activity 3,207000000,,2011,tt1778304
Taken 2,376100000,,2012,tt1397280
Chloe,11702642,,2009,tt1352824
Tin Cup,129000000,,1996,tt0117918
Halloween: The Curse of Michael Myers,15116634,,1995,tt0113253
To the Wonder,2783139,,2012,tt1595656
Sleepers,165615285,,1996,tt0117665
G.I. Joe: Retaliation,375700000,,2013,tt1583421
Runaway Bride,309457509,,1999,tt0163187
Jurassic Park III,368800000,,2001,tt0163025
Exit Through the Gift Shop,5300000,,2010,tt1587707
The Number 23,77566815,,2007,tt0481369
Master and Commander: The Far Side of the World,212011111,,2003,tt0311113
Marley & Me,242717113,,2008,tt0822832
The X-Files,105300000,,1998,tt0120902
Edge of Tomorrow,370500000,,2014,tt1631867
The Polar Bear,5000000,,1998,tt0167132
The Crime of Father Amaro,26996738,,2002,tt0313196
Far Side of the Moon,248460,,2003,tt0352332
Dr. Dolittle 2,176104344,,2001,tt0240462
After Earth,243800000,,2013,tt1815862
Melinda and Melinda,20100000,,2004,tt0378947
Vertical Limit,215700000,,2000,tt0190865
Clear and Present Danger,215887717,,1994,tt0109444
Roger Dodger,1934497,,2002,tt0299117
Taxi,68895435,,2004,tt0316732
Fathers' Day,35659604,,1997,tt0119109
Gulliver's Travels,237400000,,2010,tt1320261
Look Who's Talking,297000000,,1989,tt0097778
Disclosure,214015089,,1994,tt0109635
The Cold Light of Day,10968746,,2012,tt1366365
The Girl Who Kicked the Hornets' Nest,43498108,,2009,tt1343097
Armour of God II: Operation Condor,39048711,,1991,tt0099558
Headhunters,15700000,,2011,tt1614989
Texasville,2268181,,1990,tt0103069
Romeo and Juliet,1162635,,2013,tt1645131
Perdita Durango,2573665.73,,1997,tt0119879
White House Down,205366737,,2013,tt2334879
3 Ninjas,248104.54,,1992,tt0103596
Tad Jones: The Hero Returns,19897280,,2017,tt3896102
Kung Fu Panda 3,521200000,,2016,tt2267968
Hotel Transylvania 2,474800000,,2015,tt2510894
Shaun the Sheep Movie,106209378,,2015,tt2872750
Ice Age: Collision Course,408600000,,2016,tt3416828
The Peanuts Movie,246200000,,2015,tt2452042
The Boss Baby,527965936,,2017,tt3874544
The Angry Birds Movie 2,142544264,,2019,tt6095472
Cars 3,383900000,,2017,tt3606752
Ivan Tsarevich and the Gray Wolf 3,9535522,,2016,tt5315110
How to Train Your Dragon: The Hidden World,383000000,,2019,tt2386490
Bogatyrsha,790174,,2016,tt5546430
King Shakir: Land of Pirates,1579078,,2019,tt10524746
A Goofy Movie,35348597,,1995,tt0113198
The Adventures of Tintin,374000000,,2011,tt0983193
Turbo,282600000,,2013,tt1860353
The Living Forest,1951816.29,,2001,tt0310790
A Town Called Panic,166688,,2009,tt1433540
Wet Hot American Summer,295206,,2001,tt0243655
Happily Ever After,3299382,,1990,tt0099733
How Not to Rescue a Princess,575070210,,2010,tt1796657
Home,386000000,,2015,tt2224026
Rio 2,500100000,,2014,tt2357291
Mr. Peabody & Sherman,275698039,,2014,tt0864835
Trolls,346900000,,2016,tt1679335
Bambi II,34958637,,2006,tt0447854
Tarzan,448200000,,1999,tt0120855
The Incredibles,631606713,,2004,tt0317705
Brother Bear,250400000,,2003,tt0328880
A Bug's Life,363300000,,1998,tt0120623
Pocahontas,346079773,,1995,tt0114148
Meet the Robinsons,169332978,,2007,tt0396555
Ponyo on the Cliff by the Sea,202400000,,2008,tt0876563
The Prince of Egypt,218600000,,1998,tt0120794
Over the Hedge,336002996,,2006,tt0327084
Hotel Transylvania,358400000,,2012,tt0837562
Chicken Little,314400000,,2005,tt0371606
Rango,245724603,,2011,tt1192628
The King and I,11993021,,1999,tt0160429
Kung Fu Panda 2,665692281,,2011,tt1302011
Tinker Bell,9199000,,2008,tt0823671
Horton Hears a Who!,297100000,,2008,tt0451079
Howl's Moving Castle,235200000,,2004,tt0347149
Ice Age: Continental Drift,877244782,,2012,tt1667889
Kikoriki. Team Invincible,8379262,,2011,tt2124046
Megamind,321900000,,2010,tt1001526
WALL·E,534767889,,2008,tt0910970
Shark Tale,367300000,,2004,tt0307453
Brave,538983207,,2012,tt1217209
Kung Fu Panda,631746197,,2008,tt0441773
Finding Nemo,969023261,,2003,tt0266543
Ice Age: Dawn of the Dinosaurs,886686817,,2009,tt1080016
Cars,462200000,,2006,tt0317219
The Simpsons Movie,527071022,,2007,tt0462538
Toy Story 2,497400000,,1999,tt0120363
Toy Story 3,1066969703,,2010,tt0435761
"Monsters, Inc.",632316649,,2001,tt0198781
Madagascar: Escape 2 Africa,603900354,,2008,tt0479952
Ice Age: The Meltdown,667036530,,2006,tt0438097
Into the Night,7562164,,1985,tt0089346
Game of Death II,1950391,,1981,tt0076709
In My Father's Den,1600000,,2004,tt0385017
Q1838754,163568,,2013,tt2401096
Toys,23300000,,1992,tt0105629
Khottabych,1423500,,2006,tt0466043
Everybody Dies but Me,235432,,2008,tt1227189
The Hitman,4654288,,1991,tt0102045
Branded,3754070,,2012,tt1368440
Bringing Up Bobby,4975,,2011,tt1656170
Q2120297,3877492,,2008,tt1373243
Superman/Batman: Public Enemies,7962636,,2009,tt1398941
Cycle,12000,,2011,tt6423100
Plata Quemada,44753475,,2000,tt0227277
Hitler is kaput!,245469464,,2008,tt1124396
Little Vera,1262598,,1989,tt0095574
10 Years,203373,,2011,tt1715873
Q2585870,370791733,,2012,tt2261719
Cloudy with a Chance of Meatballs,243000000,,2009,tt0844471
Monsters University,743559607,,2013,tt1453405
Monsters vs. Aliens,381509870,,2009,tt0892782
Robots,260700000,,2005,tt0358082
Spy,135000000,,2012,tt2321517
Cargo 200,570000,,2007,tt0847880
Box 507,2333248,,2002,tt0325145
Captain Phillips,218800000,,2013,tt1535109
I'm So Excited,11700000,,2013,tt2243389
Epic,268400000,,2013,tt0848537
The Hangover Part III,362000072,,2013,tt1951261
Julia's Eyes,12884923,,2010,tt1512685
Lovelace,1600000,,2013,tt1426329
Enemy,3400000,,2013,tt2316411
Antiviral,61.808,,2012,tt2099556
Non-Stop,222800000,,2014,tt2024469
At Any Price,361418,,2012,tt1937449
Football Days,14117202,,2003,tt0377834
Q3198165,183640,,2010,tt1746183
Marius and Jeannette,18000000,,1997,tt0119620
Q3312391,332053.18,,2005,tt0476431
R.T.T.,452550,,2009,tt1345507
Moon of Avellaneda,4032448,,2004,tt0347449
We're the Millers,270000000,,2013,tt1723121
976-EVIL,2955917,,1988,tt0094597
Mad Love,9306362,,2001,tt0270480
The Greek Labyrinth,155412,,1993,tt0102253
Q3796060,403106.67,,1993,tt0108344
Dead Man's Bluff,4180000,,2005,tt0420982
History of the Arkanar Massacre,1400000,,2013,tt2328813
Yolki 3,38067427,,2013,tt3121434
Jesus Henry Christ,20183,,2012,tt1393742
The Amazing Spider-Man 2,708982323,,2014,tt1872181
It Doesn't Hurt Me,1090000,,2006,tt0477323
"Moscow, I Love You!",1169000,,2010,tt1718837
The Stroll,672000,,2003,tt0372478
Q4328873,17808683,,2011,tt1863347
Peculiarities of the National Hunt in Winter Season,65062,,2000,tt0266821
Popsa,1215000,,2005,tt0460532
Q4458138,1420586,,2007,tt1043568
Burnt by the Sun 2: The Citadel,1500000,,2011,tt1912518
Q4535654,70000,,2009,tt1388924
X-Men: Days of Future Past,746045700,,2014,tt1877832
Calvary,16887741,,2014,tt2234003
Grown Ups 2,247000000,,2013,tt2191701
Fast & Furious 6,788679850,,2013,tt1905041
Q5956867,420000,,1994,tt0110221
Fausto 5.0,850000,,2001,tt0299873
Ant-Man,519311965,,2015,tt0478970
Transformers: Age of Extinction,1104054072,,2014,tt2109248
Lady Assassin,876247,,1983,tt0164360
Lost & Found in Armenia,122305,,2012,tt1876373
Shaolin Drunkard,7484425,,1983,tt0086303
The Turkish Passion,3777123.14,,1994,tt0110785
Godzilla,524976069,,2014,tt0831387
Witching & Bitching,8136011,,2013,tt2404738
The Year of Maria,5507689,,2000,tt0231208
Divergent,288900000,,2014,tt1840309
Red Dragon,209196298,,2002,tt0289765
Teenage Mutant Ninja Turtles,493333584,,2014,tt1291150
Fraternity Vacation,3333306,,1985,tt0089167
Force Majeure,1400000,,2014,tt2121382
Dawn of the Planet of the Apes,710644566,,2014,tt2103281
Helluva Good Luck 2,19980437,,2001,tt0261448
Magic in the Moonlight,51029361,,2014,tt2870756
The F Word,7847000,,2013,tt1486834
The Devil's Violinist,766892,,2013,tt2401715
The Fault in Our Stars,307200000,,2014,tt2582846
Q12228814,19500000,,2004,tt0418986
Vampire Academy: Blood Sisters,15391979,,2014,tt1686821
The Lunchbox,4235151,,2013,tt2350496
Neighbors,270700000,,2014,tt2004420
American Heist,2237561,,2014,tt2923316
A Little Chaos,10.084,,2014,tt2639254
The Benefactor,2100000,,2015,tt3165630
Chef,45967935,,2014,tt2883512
Wetlands,10501000,,2013,tt2524674
The Theory of Everything,123726688,,2014,tt2980516
Ida,11100000,,2013,tt2718492
No Escape,54400000,,2015,tt1781922
Far from the Madding Crowd,30200000,,2015,tt2935476
Barely Lethal,933847,,2015,tt1731701
Spanish Affair,77000000,,2014,tt2955316
San Andreas,474000000,,2015,tt2126355
"Men, Women & Children",705908,,2014,tt3179568
The Second Best Exotic Marigold Hotel,85978266,,2015,tt2555736
Still Alice,43884652,,2014,tt3316960
Spy,235700000,,2015,tt3079380
Journey to the West,205600000,,2014,tt3521442
Sous les jupes des filles,12258255,,2014,tt3098306
Kill Your Friends,420091,,2015,tt2474958
The Divergent Series: Insurgent,297300000,,2015,tt2908446
The Frog Kingdom,3500000,,2013,tt4162910
Testament of Youth,1800000,,2014,tt1441953
The Art of Dying,225000000,,2000,tt0242285
Pitch Perfect 2,287144079,,2015,tt2848292
Victor Frankenstein,34227298,,2015,tt1976009
Taken 3,326500000,,2015,tt2446042
Q17582660,1960000,,2012,tt2258565
Remember,3692491,,2015,tt3704050
Straight Outta Compton,201600000,,2015,tt1398426
Somewhere Only We Know,45737711,,2015,tt4074958
Inferno,220000000,,2016,tt3062096
The 9th Life of Louis Drax,288931,,2015,tt3991412
Ted 2,216700000,,2015,tt2637276
Red Army,694600,,2014,tt3264102
Geostorm,221600000,,2017,tt1981128
Walking on Sunshine,4500000,,2014,tt2107861
Pixels,244900000,,2015,tt2120120
The Legend of Tarzan,356700000,,2016,tt0918940
Miles Ahead,5100000,,2015,tt0790770
The DUFF,43528634,,2015,tt1666801
Monster Hunt,385300000,,2015,tt3781476
Status: Free,2203930,,2015,tt5352802
Prizrak,7703697,,2015,tt4559932
Wild Orchid II: Two Shades of Blue,573904,,1991,tt0105819
10 Cloverfield Lane,71897215,,2016,tt1179933
Moonwalkers,135622,,2015,tt2718440
Citizenfour,3003169,,2014,tt4044364
That Thing Called Tadhana,134000000,,2014,tt4170436
Mojin: The Lost Legend,259400000,,2015,tt4276752
Elle,2000000,,2016,tt3716530
Teenage Mutant Ninja Turtles: Out of the Shadows,245600000,,2016,tt3949660
Central Intelligence,217000000,,2016,tt1489889
Ghostbusters,229100000,,2016,tt1289401
Lost in Hong Kong,256283912,,2015,tt4242158
War for the Planet of the Apes,490664238,,2017,tt3450958
Alien: Covenant,240891763,,2017,tt2316204
Let's dance!,7021604,,2019,tt5714320
Trece badaladas,611971,,2003,tt0351867
Dangal,302900000,,2016,tt5074352
The Seagull,1800000,,2018,tt4682136
Too Late,60000,,2015,tt2394063
Halloween,253700000,,2018,tt1502407
Angrej,306800000,,2015,tt4846952
What Happened to Monday,19770856,,2017,tt1536537
Ouija: Origin of Evil,81705746,,2016,tt4361050
A Prominent Patient,40431718,,2016,tt5050904
Baahubali 2: The Conclusion,254200000,,2017,tt4849438
The Circle,33900000,,2017,tt4287320
Don't Think I've Forgotten,132564,,2015,tt2634200
The Mermaid,553810228,,2016,tt4701660
A Man Called Ove,28700000,,2015,tt4080728
Paris 05:59,34994.19,,2016,tt5096628
Black Panther,1346913161,,2018,tt1825683
Gimme Danger,532.347,,2016,tt1714917
Demain tout commence,7500000,,2016,tt5078204
I Spit on Your Grave III: Vengeance is Mine,144661,,2015,tt4530884
Journey to the West: The Demons Strike Back,246600000,,2017,tt5273624
Beauty and the Bestie,502000000,,2015,tt4842270
Requirements To Be A Normal Person,413306,,2015,tt3720724
French Cuisine,1700000,,2015,tt4838440
Worlds Apart,4969346,,2015,tt3909336
Perfect Strangers,21000000,,2016,tt4901306
Fifty Shades Freed,371900000,,2018,tt4477536
Ant-Man and the Wasp,622674139,,2018,tt5095030
The Wailing,51300000,,2016,tt5215952
Baby Driver,226945087,,2017,tt3890160
Kedi,4100000,,2016,tt4420704
The Lion King,1654735262,,2019,tt6105098
Sparta,649593,,2016,tt6844328
Collector,718500,,2016,tt5031998
Wonder,305900000,,2017,tt2543472
Peter Rabbit,351300000,,2018,tt5117670
Wolf Warrior 2,870325439,,2017,tt7131870
Monster Hunt 2,361700000,,2018,tt6170484
Bohemian Rhapsody,903655259,,2018,tt1727824
Q27132154,344557,,2016,tt5298180
Raid dingue,477000,,2017,tt5736696
The Irishman,885600,,2019,tt1302006
Forced Escape,55551644,,2017,tt6793470
Bad Genius,112150000,,2017,tt6788942
Life Goes On,1894684,,2017,tt7475284
Q29563968,5347385,,2017,tt6616622
Crazy Rich Asians,238500000,,2018,tt3104988
Teen Spirit,441366,,2018,tt6483364
Mamma Mia! Here We Go Again,394700000,,2018,tt6911608
Zoe,278492,,2018,tt6010628
A Simple Favor,42600000,,2018,tt7040874
Marrowbone,11165901,,2017,tt5886440
Helluva Good Luck,15900139,,1999,tt0202703
The Dog,44532,,2013,tt3091304
Kitchen. The last Battle,6535505,,2017,tt6841500
Beyond the Edge,2040470,,2017,tt5629524
Life Itself,4319912,,2018,tt5989218
Q29014933,855727,,2016,tt5807536
Rag Union,1900000,,2015,tt4767340
The Nun,365600000,,2018,tt5814060
Doraemon: Nobita's Treasure Island,47108159,,2018,tt8098546
Operation Red Sea,579220560,,2018,tt6878882
Colette,14200000,,2018,tt5437928
Q30889366,2151426,,2017,tt6755880
Light Up!,306701,,2017,tt7126386
Q30879658,460987,,2017,tt8918042
Gogol. The Beginning,7757988,,2017,tt6628228
Naughty Grandma,6013117,,2017,tt6823698
Bumblebee,459500000,,2018,tt4701182
Dead Still,2000000,,2014,tt2882854
Q42414642,17488,,2008,tt1388358
Two on the Road,912068.5,,1980,tt0081502
Leave No Trace,7200000,,2018,tt3892172
Hereditary,79275328,,2018,tt7784604
Viswasam,206,,2019,tt7725626
Marriage Story,232737,,2019,tt7653254
Green Book,321752656,,2018,tt6966692
Detective Chinatown 2,544061916,,2018,tt7752454
Creed II,213400000,,2018,tt6343314
While at War,6522774,,2019,tt7818580
Adrift,31300000,,2018,tt6306064
Q49235112,67085009,,2018,tt8805486
Standard Time,81451,,2002,tt0265803
Q51190711,767853,,2018,tt7304032
Maleficent: Mistress of Evil,293512000,,2019,tt4777008
Q54863886,57634545,,2018,tt8351882
Nicky Larson and Cupid's Perfume,13300000,,2019,tt8523334
The Art of Racing in the Rain,33800000,,2019,tt1478839
Q55651291,196964,,2018,tt8234866
Q55652205,18315,,2018,tt8499198
Men in Black: International,219030511,,2019,tt2283336
Better Days,85286814,,2019,tt9586294
Farmageddon: A Shaun the Sheep Movie,16489589,,2019,tt6193408
The Gentlemen,114996853,,2019,tt8367814
Q60832388,4290867,,2018,tt7526492
Little Women,12475000,,2019,tt3281548
Doctor Sleep,72281712,,2019,tt5606664
They Shall Not Grow Old,17956913,,2018,tt7905466
Q57468055,118811.68,,2018,tt7170698
Q57502054,23099.33,,2017,tt5894846
The Aeronauts,2851390,,2019,tt6141246
Zombieland: Double Tap,87107000,,2019,tt1560220
Welad Rizk 2,100743324,,2019,tt10151260
Q63068747,12009,,2019,tt6213294
The Blue Elephant 2,103625525,,2019,tt10515086
The Traitor,5329455,,2019,tt7736478
A Brother's Love,1671969,,2019,tt10155342
Trust Fund,36885,,2016,tt3969208
War,60851913,,2019,tt7430722
Natsamrat,20000000,,2018,tt10428316
PM Narendra Modi,2.88,,2019,tt9558612
Khayal Ma'ata,38440061,,2019,tt10696882
The Treasure 2,6131090,,2019,tt10503934
Q70245287,72447,,1993,tt0106245
Q78139266,85878642,,2019,tt11426562
My Grandmother's House,45033.5,,2006,tt0774513
Q75108652,136132.76,,1980,tt0081811
Q75984006,481232.6,,1985,tt0089871
Beside Me,10852,,2018,tt7251888
Tron: Legacy,400100000,,2010,tt1104001
High School Musical 3: Senior Year,252900000,,2008,tt0962726
Pirates of the Caribbean: At World's End,960996492,,2007,tt0449088
102 Dalmatians,5062428.78,,2000,tt0211181
Maleficent,758410378,,2014,tt1587310
Alice in Wonderland,1025467110,,2010,tt1014759
The Chronicles of Narnia: Prince Caspian,419700000,,2008,tt0499448
Prince of Persia: The Sands of Time,336365676,,2010,tt0473075
Coco,807082196,,2017,tt2380307
The Grinch,511300000,,2018,tt2709692
Toy Story 4,1073166397,,2019,tt1979376
Ferdinand,296100000,,2017,tt3411444
Alvin and the Chipmunks: The Squeakquel,443100000,,2009,tt1231580
Alvin and the Chipmunks,361300000,,2007,tt0952640
The Sorcerer's Apprentice,215300000,,2010,tt0963966
"The Chronicles of Narnia: The Lion, the Witch and the Wardrobe",745013115,,2005,tt0363771
Robin Hood: Prince of Thieves,390500000,,1991,tt0102798
Ghostbusters II,215400000,,1989,tt0097428
The Lone Ranger,260500000,,2013,tt1210819
Garfield: The Movie,200800000,,2004,tt0356634
The Flintstones,341600000,,1994,tt0109813
Angels in the Outfield,50236831,,1994,tt0109127
Bedtime Stories,212900000,,2008,tt0960731
The Parent Trap,92108518,,1998,tt0120783
G-Force,292800000,,2009,tt0436339
Hannah Montana & Miley Cyrus: Best of Both Worlds Concert,70642036,,2008,tt1127884
"Honey, I Shrunk the Kids",222700000,,1989,tt0097523
Police Academy 6: City Under Siege,11567217,,1989,tt0098105
Underdog,65270477,,2007,tt0467110
Tomorrowland,209154322,,2015,tt1964418
Fifty Shades of Grey,569651467,,2015,tt2322441
Into the Woods,213100000,,2014,tt2180411
The Finest Hours,52099090,,2016,tt2025690
Mary Poppins Returns,346800000,,2018,tt5028340
The Wandering Earth,699760773,,2019,tt7605074
Coffee and Cigarettes,7929307,,2003,tt0379217
The LEGO Batman Movie,311950384,,2017,tt4116284
A Christmas Carol,325300000,,2009,tt1067106
Dinosaur,349800000,,2000,tt0130623
Bram Stoker's Dracula,215862692,,1992,tt0103874
Frozen II,1119151068,,2019,tt4520988
Spider-Man: Into the Spider-Verse,363800000,,2018,tt4633694
"Night Is Short, Walk On Girl",3400000,,2017,tt6335734
Smallfoot,214140103,,2018,tt6182908
Your Name.,357986087,,2016,tt5311514
My Hero Academia: Heroes Rising,23586563,,2019,tt11107074
The Girl Who Played with Fire,68570336,,2009,tt1216487
The Code of Cain,7276,,2015,tt3918774
Q28667809,3000000,,2015,tt5112966
Spirited Away,277300000,,2001,tt0245429
2010: The Year We Make Contact,40200000,,1984,tt0086837
Viking,20066615,1250000000,2016,tt5157456
PK,6160362500,1220000000,2014,tt2338151
Savva. Heart of the Warrior,94187979,1000000000,2015,tt4075322
Hacker,11200,800000000,2016,tt3173594
The Duelist,376000000,725000000,2016,tt5282006
Union of Salvation,283023802,700000000,2019,tt8769146
Flight Crew,1504138366,650000000,2016,tt5653294
T-34,1400138669,600000000,2019,tt8820590
The Conquest of Siberia,140967868,500000000,2019,tt9795368
Sakura Wars: The Movie,2800000000,500000000,2001,tt0816640
Going Vertical,1014636805,450000000,2017,tt5987402
Pirates of the Caribbean: On Stranger Tides,1045713802,410000000,2011,tt1298650
Salyut 7,748000000,400000000,2017,tt6537238
Avengers: Infinity War,2048359754,400000000,2018,tt4154756
First Time,562953442,400000000,2017,tt6673840
The Apocalypse Code,10400000,400000000,2007,tt1087832
Coach,340100000,390000000,2018,tt7632930
Attraction,1000000000,380000000,2017,tt4731148
Legend of Kolovrat,590200000,360000000,2017,tt6054874
Avengers: Endgame,2797800564,356000000,2019,tt4154796
Sheep and Wolves: Pig Deal,90968028,350000000,2019,tt8761814
3 Idiots,3920000000,350000000,2010,tt1187043
Guardians,12300000,320000000,2017,tt4600952
The Crimean Bridge. Made with Love!,70606368,300000000,2018,tt9226154
Q28598663,1476576,300000000,2018,tt7776936
Justice League,657924295,300000000,2017,tt0974015
2012,788550900,280000000,2009,tt1190080
Star Wars Episode IX: The Rise of Skywalker,1074144248,275000000,2019,tt2527338
Superman Returns,391081192,270000000,2006,tt0348150
Tangled,591794936,260000000,2010,tt0398286
Terminator: Dark Fate,12800000,255000000,2019,tt6450804
John Carter,284000000,250000000,2012,tt0401729
Solo: A Star Wars Story,392924807,250000000,2018,tt3778644
The Fate of the Furious,1236005118,250000000,2017,tt4630562
Captain America: Civil War,1153296293,250000000,2016,tt3498820
Batman v Superman: Dawn of Justice,873634919,250000000,2016,tt2975590
Avengers: Age of Ultron,1402805868,250000000,2015,tt2395427
The Hobbit: The Battle of the Five Armies,956019788,250000000,2014,tt2310332
The Dark Knight Rises,1081041287,250000000,2012,tt1345836
Spectre,880674609,245000000,2015,tt2379713
Avatar (2009 film),2744336793,237000000,2009,tt0499549
Pirates of the Caribbean: Dead Men Tell No Tales,794861794,230000000,2017,tt1790809
Fur-trees Last,730565358,230000000,2018,tt9615680
Guardians of the Night – The Vampire War,501006,230000000,2016,tt5487524
The Amazing Spider-Man,757930663,230000000,2012,tt0948470
The Hobbit: The Desolation of Smaug,958366855,225000000,2013,tt1170358
Pirates of the Caribbean: Dead Man's Chest,1066179725,225000000,2006,tt0383574
Leviathan,4100000,220000000,2014,tt2802154
The Avengers,1518812988,220000000,2012,tt0848228
Transformers: The Last Knight,605425157,217000000,2017,tt3371366
Oz: The Great and Powerful,493311825,215000000,2013,tt1623205
Star Wars Episode VII: The Force Awakens,2068223624,215000000,2015,tt2488496
Tolko ne oni,63436122,210000000,2018,tt3907284
Battleship,303025485,209000000,2012,tt1440129
King Kong,550517357,207000000,2005,tt0360717
Incredibles 2,1242805359,200000000,2018,tt3606756
Finding Dory,1028570889,200000000,2016,tt2277860
Hobbs & Shaw,758910100,200000000,2019,tt6806448
Q47069740,164784590,200000000,2018,tt7926840
A Rough Draft,209000000,200000000,2018,tt6270596
Dark Phoenix,244676878,200000000,2019,tt6565702
Hichki,2153000000,200000000,2018,tt6588966
Terminator 3: Rise of the Machines,433371112,200000000,2003,tt0181852
Earthquake,3628615,200000000,2016,tt5270810
Aquaman,1148161807,200000000,2018,tt1477834
Guardians of the Galaxy Vol. 2,863756051,200000000,2017,tt3896198
Rogue One,1056057273,200000000,2016,tt3748528
Star Wars: The Last Jedi,1332539889,200000000,2017,tt2527336
Fantastic Beasts: The Crimes of Grindelwald,653755901,200000000,2018,tt4123430
Cars 2,559852396,200000000,2011,tt1216475
The Good Dinosaur,332207671,200000000,2015,tt1979388
Green Lantern,540785210,200000000,2011,tt1133985
Robin Hood,321669741,200000000,2010,tt0955308
Iron Man 2,623933331,200000000,2010,tt1228705
Terminator Salvation,371353001,200000000,2009,tt0438488
Quantum of Solace,586090727,200000000,2008,tt0830515
Titanic,1850197130,200000000,1997,tt0120338
Furious 7,1515047671,190000000,2015,tt2820852
Pacific Rim,411002906,190000000,2013,tt1663662
Star Trek Into Darkness,467381584,190000000,2013,tt1408101
World War Z,540007876,190000000,2013,tt0816711
Kong: Skull Island,566652812,185000000,2017,tt3731562
Star Trek Beyond,343471816,185000000,2016,tt2660888
The Dark Knight,1004934033,185000000,2008,tt0468569
Indiana Jones and the Kingdom of the Crystal Skull,786636033,185000000,2008,tt0367882
Aladdin,1050693953,183000000,2019,tt6139732
The Perfect Storm,328700000,182600000,2000,tt0177971
It: Chapter Two,200100000,180000000,2019,tt7349950
Thor: Ragnarok,853977126,180000000,2017,tt3501632
Valérian and the City of a Thousand Planets,225164110,180000000,2017,tt2239822
Fantastic Beasts and Where to Find Them,814037575,180000000,2016,tt3183660
The Hobbit: An Unexpected Journey,1017003568,180000000,2012,tt0903624
Mission: Impossible – Fallout,791115104,178000000,2018,tt4912910
X-Men: Apocalypse,543934105,178000000,2016,tt3385516
The Jungle Book,966550600,175000000,2016,tt3040964
Ralph Breaks the Internet,529323962,175000000,2018,tt5848272
Ready Player One,582890172,175000000,2018,tt1677720
Spider-Man: Homecoming,880166924,175000000,2017,tt2250912
Suicide Squad,746846894,175000000,2016,tt1386697
47 Ronin,151783839,175000000,2013,tt1335975
Up,735099082,175000000,2009,tt1049413
Inside Out,857611174,175000000,2015,tt2096673
G.I. Joe: The Rise of Cobra,302500000,175000000,2009,tt1046173
Waterworld,264218220,175000000,1995,tt0114898
Troy,497409852,175000000,2004,tt0332452
Alice Through the Looking Glass,299457024,170000000,2016,tt2567026
Jurassic World: Fallen Kingdom,1309500000,170000000,2018,tt4881806
Godzilla: King of the Monsters,385900138,170000000,2019,tt3741700
Guardians of the Galaxy,772776600,170000000,2014,tt2015381
Six Degrees of Celebration,701000000,170000000,2010,tt1782568
Captain America: The Winter Soldier,714421503,170000000,2014,tt1843866
Thor: The Dark World,644783140,170000000,2013,tt1981115
Wild Wild West,222000000,170000000,1999,tt0120891
Snow White and the Huntsman,396592829,170000000,2012,tt1735898
The Polar Express,311365072,165000000,2004,tt0338348
Wreck-It Ralph,471222889,165000000,2012,tt1772341
Big Hero 6,657827828,165000000,2014,tt2245084
Independence Day: Resurgence,389681935,165000000,2016,tt1628841
Doctor Strange,677718395,165000000,2016,tt1211837
Interstellar,677471339,165000000,2014,tt0816692
How to Train Your Dragon,494900000,165000000,2010,tt0892769
Shrek Forever After,752600867,165000000,2010,tt0892791
Cowboys & Aliens,175910315,163000000,2011,tt0409847
Beauty and the Beast,1263521126,160000000,2017,tt2771200
Spider-Man: Far from Home,1131927996,160000000,2019,tt6320628
Warcraft,433677183,160000000,2016,tt0803096
The Hunger Games: Mockingjay – Part 2,653428261,160000000,2015,tt1951266
Shrek the Third,804438141,160000000,2007,tt0413267
Poseidon,185000000,160000000,2006,tt0409182
Oblivion,286168572,160000000,2013,tt1483013
X-Men: First Class,353624124,160000000,2011,tt1270798
Van Helsing,300157638,160000000,2004,tt0338526
Inception,829895144,160000000,2010,tt1375666
Deepwater Horizon,118807390,156000000,2016,tt1860357
Fantastic Four,167977596,155000000,2015,tt1502712
Terminator Genisys,440600000,155000000,2015,tt1340138
Alexander,167298192,155000000,2004,tt0346491
Captain Marvel,1128274794,152000000,2019,tt4154664
Frozen,1274219009,150000000,2013,tt2294629
Bolt,309979994,150000000,2008,tt0397892
Detective Pikachu,429148844,150000000,2019,tt5884052
The Scythian,56293994,150000000,2018,tt7844166
Ice,1493367664,150000000,2018,tt5844488
Pacific Rim Uprising,290930148,150000000,2018,tt2557478
Dovlatov,115000000,150000000,2018,tt7763020
Blade Runner 2049,259239658,150000000,2017,tt1856101
The Great Wall,334933831,150000000,2016,tt2034800
Yolki 1914,704000000,150000000,2014,tt3877844
Mission: Impossible – Rogue Nation,682714267,150000000,2015,tt2381249
Panfilov's 28 Men,385000000,150000000,2016,tt5207204
Jurassic World,1670400637,150000000,2015,tt0369610
Shrek 2,923075336,150000000,2004,tt0298148
Bee Movie,287594584,150000000,2007,tt0389790
Moana,690845539,150000000,2016,tt3521164
Zootopia,1023784195,150000000,2016,tt2948356
Mad Max: Fury Road,378858340,150000000,2015,tt1392190
Night at the Museum: Battle of the Smithsonian,413106170,150000000,2009,tt1078912
The Incredible Hulk,263427551,150000000,2008,tt0800080
Batman Begins,374218673,150000000,2005,tt0372784
Hancock,624386771,150000000,2008,tt0448157
Charlie and the Chocolate Factory,475000000,150000000,2005,tt0367594
Thor,449326618,150000000,2011,tt0800369
Star Trek,385700000,150000000,2009,tt0796366
Mission: Impossible III,397850012,150000000,2006,tt0317919
Casino Royale,609447995,150000000,2006,tt0381061
Harry Potter and the Order of the Phoenix,938580405,150000000,2007,tt0373889
Harry Potter and the Goblet of Fire,896346229,150000000,2005,tt0330373
The Matrix Revolutions,427343298,150000000,2003,tt0242653
Angels & Demons,485930816,150000000,2009,tt0808151
Wonder Woman,821847012,149000000,2017,tt0451279
Flushed Away,178120010,149000000,2006,tt0424095
Rise of the Guardians,306941670,145000000,2012,tt1446192
Madagascar 3: Europe's Most Wanted,746921274,145000000,2012,tt1277953
How to Train Your Dragon 2,621537519,145000000,2014,tt1646971
Mission: Impossible – Ghost Protocol,694713380,145000000,2011,tt1229238
The Mummy: Tomb of the Dragon Emperor,403449830,145000000,2008,tt0859163
Die Another Day,432000000,142000000,2002,tt0246460
The BFG,50638762,140000000,2016,tt3691740
Around the World in 80 Days,72178895,140000000,2004,tt0327437
Q48954660,1591172,140000000,2018,tt8396188
Venom,856085151,140000000,2018,tt1270797
Gods of Egypt,150680864,140000000,2016,tt2404233
Exodus: Gods and Kings,268175631,140000000,2014,tt1528100
Treasure Planet,109578115,140000000,2002,tt0133240
Captain America: The First Avenger,370569774,140000000,2011,tt0458339
Lemony Snicket's A Series of Unfortunate Events,209073645,140000000,2004,tt0339291
The Last Samurai,456758981,140000000,2003,tt0325710
Iron Man,585366247,140000000,2008,tt0371746
Pirates of the Caribbean: The Curse of the Black Pearl,654264015,140000000,2003,tt0325980
The Revenant,532950503,135000000,2015,tt1663202
The Croods,587204668,135000000,2013,tt0481499
The World Is Not Enough,361832400,135000000,1999,tt0143145
Kingdom of Heaven,164000000,135000000,2005,tt0320661
Penguins of Madagascar,373015621,132000000,2014,tt1911658
Harry Potter and the Prisoner of Azkaban,796093802,130000000,2004,tt0304141
The Meg,530243742,130000000,2018,tt4779682
Puss in Boots,554987477,130000000,2011,tt0448694
Bad Boys II Marvel,273339556,130000000,2003,tt0172156
Prometheus,403354469,130000000,2012,tt1446714
Night at the Museum: Secret of the Tomb,363204635,127000000,2014,tt2692250
Jumanji: The Next Level,321097661,125000000,2019,tt7975244
Skyscraper,304868961,125000000,2018,tt5758778
The Mummy,409231607,125000000,2017,tt2345759
Assassin's Creed,240942515,125000000,2016,tt2094766
The Hunger Games: Mockingjay – Part 1,755356711,125000000,2014,tt1951265
Total Recall,198467168,125000000,2012,tt1386703
Mission: Impossible II,546388105,125000000,2000,tt0120755
Noah,362637473,125000000,2014,tt1959490
Batman & Robin,238200000,125000000,1997,tt0118688
Harry Potter and the Philosopher's Stone,978087613,125000000,2001,tt0241527
Naughty Grandma 2,453283968,120000000,2019,tt9450542
Rampage,428028233,120000000,2018,tt2231461
Jason Bourne,415500000,120000000,2016,tt4196776
Charlie's Angels: Full Throttle,259200000,120000000,2003,tt0305357
xXx,277400000,120000000,2002,tt0295701
Dante's Peak,178127760,116000000,1997,tt0118928
Star Wars: Episode I – The Phantom Menace,1027082707,115000000,1999,tt0120915
Windtalkers,77628265,115000000,2002,tt0245562
True Lies,378882411,115000000,1994,tt0111503
Elysium,286140700,115000000,2013,tt1535108
Star Wars Episode II: Attack of the Clones,649436358,115000000,2002,tt0121765
Ghost in the Shell,169801921,110000000,2017,tt1219827
Deadpool 2,785046920,110000000,2018,tt5463162
Passengers,303144152,110000000,2016,tt1355644
Miss Peregrine's Home for Peculiar Children,296485719,110000000,2016,tt1935859
Q4461441,308201115,110000000,2012,tt2288121
Salt,293503354,110000000,2010,tt0944835
Night at the Museum,574480841,110000000,2006,tt0477347
Ocean's Twelve,362989076,110000000,2004,tt0349903
The Patriot,215294342,110000000,2000,tt0187393
300: Rise of an Empire,337580051,110000000,2014,tt1253863
The Aviator,213741459,110000000,2004,tt0338751
Mr. & Mrs. Smith,478207520,110000000,2005,tt0356910
The Martian,630161890,108000000,2015,tt3659388
The Princess and the Frog,267000000,105000000,2009,tt0780521
The Chronicles of Riddick,115772733,105000000,2004,tt0296572
Kingsman: The Golden Circle,410902662,104000000,2017,tt4649466
Gladiator,460583960,103000000,2000,tt0172495
Minority Report,358372926,102000000,2002,tt0181689
Terminator 2: Judgment Day,520881154,102000000,1991,tt0103064
National Treasure: Book of Secrets,457400000,100000000,2007,tt0465234
National Treasure,347512318,100000000,2004,tt0368891
Q31827235,392000000,100000000,2018,tt8054150
Mortal Engines,83672673,100000000,2018,tt1571234
Shazam!,364471656,100000000,2019,tt0448115
Dunkirk,526940665,100000000,2017,tt5013056
Q21843265,3522317,100000000,2016,tt5487052
Ben-Hur,94061311,100000000,2016,tt2638144
Hercules,244819862,100000000,2014,tt1267297
Transcendence,103039258,100000000,2014,tt2209764
Gravity,723192705,100000000,2013,tt1454468
Happy Feet,384335608,100000000,2006,tt0366548
The Emperor's New Groove,169327687,100000000,2000,tt0120917
The Wolf of Wall Street,392000000,100000000,2013,tt0993846
Little Fockers,310650585,100000000,2010,tt0970866
The Taking of Pelham 123,150166126,100000000,2009,tt1111422
Django Unchained,425368238,100000000,2012,tt1853728
Sex and the City 2,288300000,100000000,2010,tt1261945
RoboCop,242688965,100000000,2014,tt1234721
End of Days,211989043,100000000,1999,tt0146675
Eraser,242295562,100000000,1996,tt0116213
K-19: The Widowmaker,65716126,100000000,2002,tt0267626
Unstoppable,167000000,100000000,2010,tt0477080
Planet of the Apes,362211740,100000000,2001,tt0133152
Bicentennial Man,87400000,100000000,1999,tt0182789
Batman Forever,336531112,100000000,1995,tt0112462
The Expendables 2,314975955,100000000,2012,tt1764651
Sleepy Hollow,206071502,100000000,1999,tt0162661
The Mummy Returns,433013274,98000000,2001,tt0209163
Ford v Ferrari,172535062,97600000,2019,tt1950186
Logan,619021436,97000000,2017,tt3315342
Gangs of New York,193772504,97000000,2002,tt0217505
Cinderella,542351353,95000000,2015,tt1661199
Cats,17090175,95000000,2019,tt5697572
The Magnificent Seven,162360636,95000000,2016,tt2404435
The Road to El Dorado,76432727,95000000,2000,tt0138749
Percy Jackson & the Olympians: The Lightning Thief,226496399,95000000,2010,tt0814255
The Mask of Zorro,250288523,95000000,1998,tt0120746
Tomb Raider,274650803,94000000,2018,tt1365519
The Lord of the Rings: The Two Towers,927600630,94000000,2002,tt0167261
The Lord of the Rings: The Return of the King,1120424614,94000000,2003,tt0167260
Rise of the Planet of the Apes,481801049,93000000,2011,tt1318514
The Lord of the Rings: The Fellowship of the Ring,872491916,93000000,2001,tt0120737
Black Hawk Down,172989651,92000000,2001,tt0265086
A Good Day to Die Hard,304654182,92000000,2013,tt1606378
Bad Boys for Life,425514702,90000000,2020,tt1502397
The Champions: Faster. Higher. Stronger,2425145,90000000,2016,tt5198844
Jumanji: Welcome to the Jungle,962102237,90000000,2017,tt2283362
Now You See Me 2,334901337,90000000,2016,tt3110958
The Last Witch Hunter,146936910,90000000,2015,tt1618442
The Expendables 3,214700000,90000000,2014,tt2333784
Percy Jackson: Sea of Monsters,199850315,90000000,2013,tt1854564
Mulan,304300000,90000000,1998,tt0120762
Atlantis: The Lost Empire,186053725,90000000,2001,tt0230011
Rio,484634335,90000000,2011,tt1436562
The Stepford Wives,102000000,90000000,2004,tt0327162
You Don't Mess with the Zohan,199936011,90000000,2008,tt0960144
Enemy of the State,250600000,90000000,1998,tt0120660
Meet Joe Black,142000000,90000000,1998,tt0119643
The Girl with the Dragon Tattoo,232617430,90000000,2011,tt1568346
The Insider,60289912,90000000,1999,tt0140352
The Nutcracker in 3D,16000000,90000000,2010,tt1041804
Cast Away,429632142,90000000,2000,tt0162222
King Arthur,203877963,90000000,2004,tt0349683
Last Action Hero,137298489,85000000,1993,tt0107362
Allied,109070000,85000000,2016,tt3640424
xXx: Return of Xander Cage,346147658,85000000,2017,tt1293847
Hercules,252712101,85000000,1997,tt0119282
Safe House,208100000,85000000,2012,tt1599348
The Rundown,80916492,85000000,2003,tt0327850
Collateral Damage,78382433,85000000,2002,tt0233469
Hellboy II: The Golden Army,160388063,85000000,2008,tt0411477
The Holiday,205100000,85000000,2006,tt0457939
Air Force One,315156409,85000000,1997,tt0118571
Enchanted,340487652,85000000,2007,tt0461770
Little Nicky,58292295,85000000,2000,tt0185431
Ocean's Eleven,450717150,85000000,2001,tt0240772
Harley Quinn: Birds of Prey,201858461,84500000,2020,tt7713068
The Greatest Showman,434993183,84000000,2017,tt1485796
Nutty Professor II: The Klumps,166339890,84000000,2000,tt0144528
Sucker Punch,90000000,82000000,2011,tt0978764
Kingsman: The Secret Service,414351546,81000000,2014,tt2802144
Bruce Almighty,484572835,81000000,2003,tt0315327
About Love 2,681745,80000000,2017,tt7273648
The Secret Life of Pets 2,264127940,80000000,2019,tt5113040
Mission: Impossible,457696359,80000000,1996,tt0117060
Lilo & Stitch,273144151,80000000,2002,tt0275847
Timeline,43935763,80000000,2003,tt0300556
Conan the Barbarian,48795021,80000000,2011,tt0816462
Analyze This,176880000,80000000,1999,tt0122933
Yogi Bear,201584141,80000000,2010,tt1302067
Edge of Darkness,79700000,80000000,2010,tt1226273
Nine,54000000,80000000,2009,tt0875034
Lost in Space,136159423,80000000,1998,tt0120738
Zookeeper,164300000,80000000,2011,tt1222817
The Book of Eli,157150000,80000000,2010,tt1037705
Valkyrie,200276784,80000000,2008,tt0985699
The Expendables,274500000,80000000,2010,tt1320253
The Mummy,415933406,80000000,1999,tt0120616
Batman Returns,266831698,80000000,1992,tt0103776
Jack and Jill,149600000,79000000,2011,tt0810913
Loud Connection,540700000,78000000,2019,tt9624470
Cloudy with a Chance of Meatballs 2,274325949,78000000,2013,tt1985966
Asterix at the Olympic Games,132856738,78000000,2008,tt0463872
Despicable Me 2,970766005,76000000,2013,tt1690953
Abominable,144704720,75000000,2019,tt6324278
8 Best Dates,274000000,75000000,2015,tt5338588
The Man from U.N.C.L.E.,107045109,75000000,2015,tt1638355
Monster House,140175006,75000000,2006,tt0385880
Madagascar,542063846,75000000,2005,tt0351283
Despicable Me 3,1034799409,75000000,2017,tt3469046
Sing,634151679,75000000,2016,tt3470600
Soldier,15000000,75000000,1998,tt0120157
Jingle All the Way,129832389,75000000,1996,tt0116705
The Secret Life of Pets,875457937,75000000,2016,tt2709768
Anger Management,195745823,75000000,2003,tt0305224
Deep Impact,349000000,75000000,1998,tt0120647
Minions,1159398397,74000000,2015,tt2293640
The SpongeBob Movie: Sponge Out of Water,325186032,74000000,2015,tt2279373
The Currrr,60000000,73498611,2003,tt0298814
The Angry Birds Movie,352333929,73000000,2016,tt1985949
The Lost World: Jurassic Park,618638999,73000000,1997,tt0119567
Signs,408000000,72000000,2002,tt0286106
Hook,300854823,70000000,1991,tt0102057
Storks,182379278,70000000,2016,tt4624424
The Bride,3004538,70000000,2017,tt6095090
Ocean's 8,297718711,70000000,2018,tt5164214
Dracula Untold,217124280,70000000,2014,tt0829150
The Legend of Hercules,61279452,70000000,2014,tt1043726
Monuments Men,154984035,70000000,2014,tt2177771
Olympus Has Fallen,170270201,70000000,2013,tt2302755
The Hunchback of Notre Dame,325338851,70000000,1996,tt0116583
The Lorax,348840316,70000000,2012,tt1482459
Killer Elite,56383756,70000000,2011,tt1448755
Battle: Los Angeles,211800000,70000000,2011,tt1217613
Underworld: Awakening,160112671,70000000,2012,tt1496025
Sky Captain and the World of Tomorrow,57958696,70000000,2004,tt0346156
Who Framed Roger Rabbit,329803958,70000000,1988,tt0096438
Saving Private Ryan,481840909,70000000,1998,tt0120815
Big Fish,123000000,70000000,2003,tt0319061
The Phantom of the Opera,154270000,70000000,2004,tt0293508
Mars Attacks!,101371017,70000000,1996,tt0116996
Yes Man,223241637,70000000,2008,tt1068680
Wall Street: Money Never Sleeps,129771896,70000000,2010,tt1027718
What Women Want,374111707,70000000,2000,tt0207201
Inglourious Basterds,321455689,70000000,2009,tt0361748
Despicable Me,543113985,69000000,2010,tt1323594
Fury,211817906,68000000,2014,tt2713180
Grindhouse,25400000,67000000,2007,tt0462322
Last Man Standing,47267001,67000000,1996,tt0116830
Need for Speed,203300000,66000000,2014,tt2369135
Hellboy,99318987,66000000,2004,tt0167190
War Horse,177600000,66000000,2011,tt1568911
Pete's Dragon,77391033,65000000,2016,tt2788732
Hotel Transylvania 3: Summer Vacation,528583774,65000000,2018,tt5220122
Live by Night,15885366,65000000,2016,tt2361317
Kung Fu Yoga,254212245,65000000,2017,tt4217392
Unbroken,163442937,65000000,2014,tt1809398
22 Jump Street,331333876,65000000,2014,tt2294449
Annie,133821816,65000000,2014,tt1823664
Blue Streak,117758500,65000000,1999,tt0181316
Due Date,211780824,65000000,2010,tt1231583
The Lovely Bones,93600000,65000000,2009,tt0380510
Arthur and the Revenge of Maltazard,51249422,65000000,2009,tt0940657
Q162729,213200000,65000000,1995,tt0112573
Total Recall,261300000,65000000,1990,tt0100802
Eyes Wide Shut,162091208,65000000,1999,tt0120663
300,456068181,65000000,2007,tt0416449
Resident Evil: Retribution,240159255,65000000,2012,tt1855325
Lincoln,275293450,65000000,2012,tt0443272
Jurassic Park,1030314141,63000000,1993,tt0107290
The Matrix,463517383,63000000,1999,tt0133093
Fight Club,100853753,63000000,1999,tt0137523
The Equalizer 2,173707458,62000000,2018,tt3766354
Maze Runner: The Death Cure,288261741,62000000,2018,tt4500922
Æon Flux,52304001,62000000,2005,tt0402022
Apollo 13,355237933,62000000,1995,tt0112384
Maze Runner: The Scorch Trials,312324606,61000000,2015,tt4046784
Gone Girl,369330363,61000000,2014,tt2267998
Les Misérables,441809770,61000000,2012,tt1707386
The Lego Movie,469200000,60000000,2014,tt1490017
Q48950557,2184495,60000000,2018,tt8005366
Q29857638,1464960,60000000,2015,tt4457820
Jack Reacher: Never Go Back,161484189,60000000,2016,tt3393786
Sully,240797623,60000000,2016,tt3263904
Joy,101134059,60000000,2015,tt2446980
London Has Fallen,205754447,60000000,2016,tt3300542
"Paws, Bones & Rock'n'roll",2234206,60000000,2015,tt4706702
Shrek,484409218,60000000,2001,tt0126029
Analyze That,55003135,60000000,2002,tt0289848
Jack Ryan: Shadow Recruit,135511030,60000000,2014,tt1205537
Priest,78309131,60000000,2011,tt0822847
State of Play,87812371,60000000,2009,tt0473705
Contagion,135458097,60000000,2011,tt1598778
Event Horizon,26673242,60000000,1997,tt0119081
Doom,55987321,60000000,2005,tt0419706
Deep Blue Sea,164648142,60000000,1999,tt0149261
Jack Reacher,218340595,60000000,2012,tt0790724
The Italian Job,176070171,60000000,2003,tt0317740
The Family Man,124700000,60000000,2000,tt0218967
Perfume: The Story of a Murderer,135000000,60000000,2006,tt0396171
The Truman Show,264118201,60000000,1998,tt0120382
The Green Mile,286801374,60000000,1999,tt0120689
Alien vs. Predator,172544654,60000000,2004,tt0370263
Sherlock Gnomes,64436585,59000000,2018,tt2296777
Ice Age,383257136,59000000,2002,tt0268380
American Sniper,547426372,58800000,2014,tt2179136
Life,100541806,58000000,2017,tt5442430
Deadpool,782612155,58000000,2016,tt1431045
Goosebumps,150170815,58000000,2015,tt1051904
RED,199000000,58000000,2010,tt1245526
The Cotton Club,25928721,58000000,1984,tt0087089
The Little Prince,97571250,57000000,2015,tt1754656
A Very Long Engagement,70115868,56600000,2004,tt0344510
Fifty Shades Darker,381545846,55000000,2017,tt4465564
Free Birds,81541034,55000000,2013,tt1621039
Joker,1072651773,55000000,2019,tt7286456
Murder on the Orient Express,352789811,55000000,2017,tt3402236
Everest,203427584,55000000,2015,tt2719848
Paddington,268047808,55000000,2014,tt1109624
The Equalizer,192330738,55000000,2014,tt0455944
Tango & Cash,63408614,55000000,1989,tt0098439
Flightplan,223400000,55000000,2005,tt0408790
Meet the Parents,330400000,55000000,2000,tt0212338
American Wedding,231449203,55000000,2003,tt0328828
Any Given Sunday,100000000,55000000,1999,tt0146838
21 Jump Street,201500000,55000000,2012,tt1232829
Bullet to the Head,21947209,55000000,2012,tt1308729
Forrest Gump,678151134,55000000,1994,tt0109830
Stargate,196567262,55000000,1994,tt0111282
101 Dalmatians,320689294,54000000,1996,tt0115433
Arrhythmia,66336524,54000000,2017,tt6952604
The Nutty Professor,273961019,54000000,1996,tt0117218
The Godfather Part III,136766062,54000000,1990,tt0099674
V for Vendetta,132500000,54000000,2005,tt0434409
Black Mass,99775678,53000000,2015,tt1355683
Anastasia,139800000,53000000,1997,tt0118617
From Paris with Love,52826594,52000000,2010,tt1179034
Underworld: Evolution,111476513,51000000,2006,tt0401855
Asterix & Obelix: Mission Cleopatra,110989615,50300000,2002,tt0250223
Focus,158762963,50100000,2015,tt2381941
The Emoji Movie,216999423,50000000,2017,tt4877122
Race to Witch Mountain,106387141,50000000,2009,tt1075417
All the Money in the World,53913707,50000000,2017,tt5294550
Paddington 2,226868572,50000000,2017,tt4468740
Arrival,162843638,50000000,2016,tt2543164
13 Hours: The Secret Soldiers of Benghazi,69411370,50000000,2016,tt4172430
Daddy's Home,242786137,50000000,2015,tt1528854
The Nice Guys,62800000,50000000,2016,tt3799694
Child 44,12951093,50000000,2015,tt1014763
Planes,239258712,50000000,2013,tt1691917
Kids Against the Sorcerers,26080,50000000,2016,tt6096958
The Negotiator,44500000,50000000,1998,tt0120768
Unfaithful,119137784,50000000,2002,tt0250797
G.I. Jane,48169156,50000000,1997,tt0119173
"Crazy, Stupid, Love.",142900000,50000000,2011,tt1570728
Hansel and Gretel: Witch Hunters,226349749,50000000,2013,tt1428538
Outbreak/Epidemia,189800000,50000000,1995,tt0114069
Moneyball,110200000,50000000,2011,tt1210166
As Good as It Gets,314000000,50000000,1997,tt0119822
Sweeney Todd: The Demon Barber of Fleet Street,152523164,50000000,2007,tt0408236
Dredd,35626525,50000000,2012,tt1343727
Absolute Power,50068310,50000000,1997,tt0118548
Escape Plan,137328301,50000000,2013,tt1211956
Moulin Rouge!,179213434,50000000,2001,tt0203009
Basic,42000000,50000000,2003,tt0264395
Chappie,102069268,49000000,2015,tt1823672
Basic Instinct,352900000,49000000,1992,tt0103772
The Game,110000000,48000000,1997,tt0119174
Bedazzled,90383208,48000000,2000,tt0230030
The Ring,249348933,48000000,2002,tt0298130
Prisoners,122126687,46000000,2013,tt1392214
Insomnia,113714830,46000000,2002,tt0278504
The Lion King,968511805,45000000,1994,tt0110357
Office Christmas Party,114501299,45000000,2016,tt1711525
The Girl on the Train,173185859,45000000,2016,tt3631112
Hacksaw Ridge,157846539,45000000,2016,tt2119532
Universal Soldier: The Return,10667893,45000000,1999,tt0176269
The Impossible,180274123,45000000,2012,tt1649419
Chicago,306776732,45000000,2002,tt0299658
Argo,232300000,44500000,2012,tt1024648
The Accountant,155160045,44000000,2016,tt2140479
The Hateful Eight,155760117,44000000,2015,tt3460252
Nixon,13500000,44000000,1995,tt0113987
Heaven's Gate,3484331,44000000,1980,tt0080855
The Nut Job,120885527,42000000,2013,tt1821658
Snatched,60195672,42000000,2017,tt2334871
A Knight's Tale,117000000,41000000,2001,tt0183790
Eight Below,120000000,40000000,2006,tt0397313
Back to the Future Part III,244527583,40000000,1990,tt0099088
Back to the Future Part II,331900000,40000000,1989,tt0096874
Knives Out,196103961,40000000,2019,tt8946378
Rocketman,182581610,40000000,2019,tt2066051
Hunter Killer,29300000,40000000,2018,tt1846589
John Wick: Chapter 2,171539887,40000000,2017,tt4425200
The Conjuring 2,320270008,40000000,2016,tt3065204
Keeping Up with the Joneses,29918745,40000000,2016,tt2387499
Snowden,34308695,40000000,2016,tt3774114
Silence,12700000,40000000,2016,tt0490215
Bridge of Spies,165478348,40000000,2015,tt3682448
Jersey Boys,67669013,40000000,2014,tt1742044
Lucy,463400000,40000000,2014,tt2872732
Resident Evil: The Final Chapter,312242626,40000000,2016,tt2592614
The Gunman,24177137,40000000,2014,tt2515034
American Hustle,251000000,40000000,2013,tt1800241
42,95000000,40000000,2013,tt0453562
The Little Mermaid,200155863,40000000,1989,tt0097757
The Addams Family,84000000,40000000,2019,tt1620981
The Preacher's Wife,48102795,40000000,1996,tt0117372
A Thousand Words,22044277,40000000,2012,tt0763831
Colombiana,60965854,40000000,2011,tt1657507
Behind Enemy Lines,91700000,40000000,2001,tt0159273
Corpse Bride,117195061,40000000,2005,tt0121164
Sliver,116000000,40000000,1993,tt0108162
Aliens vs. Predator: Requiem,128884494,40000000,2007,tt0758730
In the Line of Fire,176997168,40000000,1993,tt0107206
Renaissance Man,24332324,40000000,1994,tt0110971
Duplex,19322135,40000000,2003,tt0266489
He's Just Not That into You,178000000,40000000,2009,tt1001508
Abduction,28087155,40000000,2011,tt1600195
Sin City,158733820,40000000,2005,tt0401792
Love Actually,246942017,40000000,2003,tt0314331
Apocalypto,120654337,40000000,2006,tt0472043
The Social Network,224920315,40000000,2010,tt1285016
The Prestige,109676311,40000000,2006,tt0482571
Snowpiercer,67400000,39200000,2013,tt1706620
Hostiles,35600000,39000000,2017,tt5478478
Serenity,38869464,39000000,2005,tt0379786
Frankenweenie,81491068,39000000,2012,tt1142977
Only the Brave,23097511,38000000,2017,tt3829920
Why Him?,118029794,38000000,2016,tt4501244
The 5th Wave,109906372,38000000,2016,tt2304933
A Turtle's Tale: Sammy's Adventures,65605808,38000000,2010,tt1230204
Riddick,98337295,38000000,2013,tt1411250
Rush,90247624,38000000,2013,tt1979320
My Best Friend's Wedding,299288605,38000000,1997,tt0119738
The Thing,27428670,38000000,2011,tt0905372
MouseHunt,122417389,38000000,1998,tt0119715
Spy Kids 3-D: Game Over,197011982,38000000,2003,tt0338459
Life as We Know It,96165091,38000000,2010,tt1055292
Another 48 Hrs.,153500000,38000000,1990,tt0099044
Water for Elephants,117086251,38000000,2011,tt1067583
True Grit,252276927,38000000,2010,tt1403865
The Fast and the Furious,207283925,38000000,2001,tt0232500
The Ninth Gate,58400000,38000000,1999,tt0142688
Game Night,85500000,37000000,2018,tt2704998
The Town,154000000,37000000,2010,tt0840361
The Cell,56004004,36000000,2017,tt7025210
A Star Is Born,430718255,36000000,2018,tt1517451
A Man Apart,44000000,36000000,2003,tt0266465
Amistad,44200000,36000000,1997,tt0118607
Saving Mr. Banks,117867984,35000000,2013,tt2140373
To Crack Bloggers,119836,35000000,2016,tt6459494
It,700481748,35000000,2017,tt1396484
Underworld: Blood Wars,81093313,35000000,2016,tt3717252
The Walk,61181942,35000000,2015,tt3488710
Grimsby,25000000,35000000,2016,tt3381008
The Intern,194000000,35000000,2015,tt2361509
Bridget Jones's Baby,211952420,35000000,2016,tt1473832
Mirrors,77488607,35000000,2008,tt0790686
J. Edgar,84600000,35000000,2011,tt1616195
Max Payne,85416905,35000000,2008,tt0467197
What About Bob?,63707829,35000000,1991,tt0103241
Furry Vengeance,36236710,35000000,2010,tt0492389
Predator 2,57000000,35000000,1990,tt0100403
Underworld: Rise of the Lycans,92158961,35000000,2009,tt0834001
The Young Victoria,27409889,35000000,2009,tt0962736
Bandidas,18087464,35000000,2006,tt0416496
Grumpy Old Men,70000000,35000000,1993,tt0107050
The Other Boleyn Girl,77000000,35000000,2008,tt0467200
The Devil Wears Prada,326551094,35000000,2006,tt0458352
21,157927340,35000000,2008,tt0478087
A Nightmare on Elm Street,115407296,35000000,2010,tt1179056
The Master,28200000,35000000,2012,tt1560747
Heartbreakers,57756408,35000000,2001,tt0125022
The Darkest Minds,41142379,34000000,2018,tt4073790
The Maze Runner,348319861,34000000,2014,tt1790864
The Punisher,54700105,33000000,2004,tt0330793
Rush Hour,245253686,33000000,1998,tt0120812
Gran Torino,269958228,33000000,2008,tt1205489
Resident Evil,102441078,33000000,2002,tt0120804
Seven,327300000,33000000,1995,tt0114369
I Feel Pretty,66900000,32000000,2018,tt6791096
The Quick and the Dead,18636537,32000000,1995,tt0114214
Source Code,147300000,32000000,2011,tt0945513
Apocalypse Now,83471511,31500000,2019,tt0078788
Flight,161800000,31000000,2012,tt1907668
Awakenings,52096475,31000000,1990,tt0099077
Ghostbusters,295200000,30000000,1984,tt0087332
Anna,7556511,30000000,2019,tt7456310
Den of Thieves,80500000,30000000,2018,tt1259528
La La Land,446092357,30000000,2016,tt3783958
Steve Jobs,34441873,30000000,2015,tt2080374
Sicario,84869984,30000000,2015,tt3397884
"Runner, Runner",62675095,30000000,2013,tt2364841
Toy Story,373554033,30000000,1995,tt0114709
High Fidelity,47100000,30000000,2000,tt0146882
New York Minute,21289826,30000000,2004,tt0363282
Kill Bill Volume 2,152159461,30000000,2004,tt0378194
August Rush,66100000,30000000,2007,tt0426931
Tinker Tailor Soldier Spy,77800000,30000000,2011,tt1340800
The Way Back,20348249,30000000,2010,tt1023114
Sanctum,108600000,30000000,2011,tt0881320
Naked Gun 33⅓: The Final Insult,51132598,30000000,1994,tt0110622
The Vow,196000000,30000000,2012,tt1606389
The Hunt for Red October,200500000,30000000,1990,tt0099810
The X-Files: I Want to Believe,68369434,30000000,2008,tt0443701
Kill Bill Volume 1,180949045,30000000,2003,tt0266697
The Notebook,15533000,30000000,2004,tt0332280
American Pie 2,287553595,30000000,2001,tt0252866
Big Momma's House,173959438,30000000,2000,tt0208003
Once Upon a Time in America,5321508,30000000,1984,tt0087843
District 9,210808264,30000000,2009,tt1136608
Looper,176506819,30000000,2012,tt1276104
Kick-Ass,96000000,30000000,2010,tt1250777
12 Monkeys,168839459,29500000,1995,tt0114746
Collide,4800000,29200000,2016,tt2126235
Logan Lucky,47401060,29000000,2017,tt5439796
Florence Foster Jenkins,48900000,29000000,2016,tt4136084
Red Heat,34994648,29000000,1988,tt0095963
"Alexander and the Terrible, Horrible, No Good, Very Bad Day",101400000,28000000,2014,tt1698641
The Big Short,133346506,28000000,2015,tt1596363
Triple 9,23100000,28000000,2016,tt1712261
The Fifth Estate,8555008,28000000,2013,tt1837703
Aladdin,504050219,28000000,1992,tt0103639
Kick-Ass 2,60795985,28000000,2013,tt1650554
Shark Night,31058502,28000000,2011,tt1633356
Timecop,101646581,28000000,1994,tt0111438
30 Minutes or Less,40547440,28000000,2011,tt1622547
Blade Runner,33000000,28000000,1982,tt0083658
The NeverEnding Story,20158808,27000000,1984,tt0088323
Money Monster,93282604,27000000,2016,tt2241351
United Passions,200000,27000000,2014,tt2814362
Mindhunters,21148829,27000000,2004,tt0297284
The Running Man,38122105,27000000,1987,tt0093894
Spy Kids: All the Time in the World,72000000,27000000,2011,tt1517489
Limitless,161849455,27000000,2011,tt1219289
The Best of Me,35700000,26000000,2014,tt1972779
The 33,24902723,26000000,2014,tt2006295
Self/less,30523226,26000000,2015,tt2140379
Viy,1200263808,26000000,2014,tt1224378
The Railway Man,22320893,26000000,2013,tt2058107
Bridget Jones's Diary,281929795,26000000,2001,tt0243155
W.,29500000,25100000,2008,tt1175491
How Vitka Chesnok Drove Lyokha Shtyr to the House for Disabled,5049275,25000000,2017,tt5837242
Matilda,355973630,25000000,2017,tt4419196
Hidden Figures,235956898,25000000,2016,tt4846340
CHiPs,25244922,25000000,2017,tt0493405
The Age of Adaline,65663276,25000000,2015,tt1655441
The Giver,66361761,25000000,2014,tt0435651
August: Osage County,74200000,25000000,2013,tt1322269
Beauty and the Beast,424967620,25000000,1991,tt0101414
Winx Club: The Secret of the Lost Kingdom,16688332,25000000,2007,tt1206585
Stone Cold,9300000,25000000,1991,tt0102984
The Losers,29379723,25000000,2010,tt0480255
National Lampoon's Christmas Vacation,71320000,25000000,1989,tt0097958
Bride of Chucky,50671850,25000000,1998,tt0144120
The Sitter,34590770,25000000,2011,tt1366344
Blindness,19800000,25000000,2008,tt0861689
The Shawshank Redemption,59800000,25000000,1994,tt0111161
Cloverfield,171000000,25000000,2008,tt1060277
The Untouchables,76270454,25000000,1987,tt0094226
The Eagle,36054706,25000000,2011,tt1034389
The Help,216639112,25000000,2011,tt1454029
No Country for Old Men,171627166,25000000,2007,tt0477348
Goodfellas,46800000,25000000,1990,tt0099685
Scarface,65.884,25000000,1983,tt0086250
Fences,51284900,24000000,2016,tt2671706
Sunstroke,1700000,24000000,2014,tt4119030
Footloose,62701289,24000000,2011,tt1068242
Point Break,83000000,24000000,1991,tt0102685
The Cider House Rules,88500000,24000000,1999,tt0124315
The Fisher King,41900000,24000000,1991,tt0101889
Zombieland,102391540,23600000,2009,tt1156398
"Kidnapping, Caucasian Style!",180942,23500000,2014,tt4537362
The Grand Budapest Hotel,174801324,23000000,2014,tt2278388
Harley Davidson and the Marlboro Man,7434726,23000000,1991,tt0102005
Her,48800000,23000000,2013,tt1798709
Bad Santa,76488889,23000000,2003,tt0307987
Universal Soldier,101200000,23000000,1992,tt0105698
Pitch Black,53187659,23000000,2000,tt0134847
A Dog's Purpose,192345040,22000000,2017,tt1753383
"Hail, Caesar!",63647656,22000000,2016,tt0475290
Heist,1867456,22000000,2015,tt3276924
Rudolf and Ippaiattena,12000000,22000000,2016,tt5912052
Spies Like Us,60000000,22000000,1985,tt0090056
You Will Meet a Tall Dark Stranger,34300000,22000000,2010,tt1182350
The Marine,25800000,22000000,2006,tt0419946
RoboCop 3,10696210,22000000,1993,tt0107978
Jay and Silent Bob Strike Back,33000000,22000000,2001,tt0261392
Schindler's List,322139355,22000000,1993,tt0108052
Underworld,95708457,22000000,2003,tt0320691
Ghost,506000000,22000000,1990,tt0099653
Dances with Wolves,424208848,22000000,1990,tt0099348
Pet Sematary,112400000,21000000,2019,tt0837563
Black Book,26768563,21000000,2006,tt0389557
Tootsie,177200000,21000000,1982,tt0084805
Silver Linings Playbook,236412453,21000000,2012,tt1045658
Taxi 5,42000000,20390000,2018,tt7238392
Q56315512,49983,20000000,2018,tt6157970
Glass,244100000,20000000,2019,tt6823368
Bad Moms,183936074,20000000,2016,tt4651520
Me Before You,207945075,20000000,2016,tt2674426
Gold,14880939,20000000,2016,tt1800302
Spotlight,88346473,20000000,2015,tt1895587
Burnt,36606743,20000000,2015,tt2503944
John Wick,88761661,20000000,2014,tt2911666
The Conjuring,318000000,20000000,2013,tt1457767
12 Years a Slave,187733202,20000000,2013,tt2024544
Broadcast News,67000000,20000000,1987,tt0092699
Daybreakers,50011441,20000000,2009,tt0433362
The Kite Runner,73200000,20000000,2007,tt0419887
The Brothers Bloom,5500000,20000000,2008,tt0844286
Misery,61300000,20000000,1990,tt0100157
The World's End,46089287,20000000,2013,tt1213663
Capitalism: A Love Story,17436509,20000000,2009,tt1232207
We're No Angels,10000000,20000000,1989,tt0098625
The Admiral,38135878,20000000,2008,tt1101026
Brewster's Millions,45833132,20000000,1985,tt0088850
Conan the Barbarian,69000000,20000000,1982,tt0082198
Beverly Hills Cop II,299965036,20000000,1987,tt0092644
Atlas Shrugged: Part I,4627375,20000000,2011,tt0480239
Equilibrium,5400000,20000000,2002,tt0238380
Doubt,50907234,20000000,2008,tt0918927
Edward Scissorhands,86000000,20000000,1990,tt0099487
Machete Kills,15008161,20000000,2013,tt2002718
Silent Hill: Revelation 3D,52302796,20000000,2012,tt0938330
Gosford Park,87700000,19800000,2001,tt0280707
The Shape of Water,194349972,19500001,2017,tt5580390
Coco Before Chanel,50812934,19430000,2009,tt1035736
The Devil's Double,2985158,19100000,2011,tt1270262
Back to the Future,381109762,19000000,1985,tt0088763
This Is Where I Leave You,40996320,19000000,2014,tt1371150
Sausage Party,140705322,19000000,2016,tt1700841
Bad Boys,141407024,19000000,1995,tt0112442
Scary Movie,278019771,19000000,2000,tt0175142
Letters from Iwo Jima,68673228,19000000,2006,tt0498380
Adaptation,32801173,19000000,2002,tt0268126
The Silence of the Lambs,272742922,19000000,1991,tt0102926
From Dusk till Dawn,25836616,19000000,1996,tt0116367
The Shining,44017374,19000000,1980,tt0081505
Chocolat,4908376,18500000,2016,tt4400038
The Invention of Lying,32054454,18500000,2009,tt1058017
Aliens,131335326,18500000,1986,tt0090605
The Tall Man,5212903,18200000,2012,tt1658837
My Big Fat Greek Wedding 2,88900000,18000000,2016,tt3760922
Labor Day,20275812,18000000,2013,tt1967545
Blue Jasmine,97505481,18000000,2013,tt2334873
The Nightmare Before Christmas,75082668,18000000,1993,tt0107688
Big,151668774,18000000,1988,tt0094737
Beethoven,147214049,18000000,1992,tt0103786
Young Sherlock Holmes,19700000,18000000,1985,tt0090357
Anything Else,13500000,18000000,2003,tt0313792
Honey,58000000,18000000,2003,tt0322589
127 Hours,60000000,18000000,2010,tt1542344
The Last Station,13550772,18000000,2009,tt0824758
Home Alone 2: Lost in New York,358994850,18000000,1992,tt0104431
Home Alone,476684675,18000000,1990,tt0099785
Amadeus,56000000,18000000,1984,tt0086879
Star Wars Episode V: The Empire Strikes Back,547879454,18000000,1980,tt0080684
Red Sonja,6948633,17900000,1985,tt0089893
Tron,33000000,17000000,1982,tt0084827
A Quiet Place,340939361,17000000,2018,tt6644200
The Dressmaker,24000000,17000000,2015,tt2910904
Beastly,38000000,17000000,2011,tt1152398
Deuce Bigalow: Male Gigolo,92938755,17000000,1999,tt0205000
The Illusionist,87892388,17000000,2006,tt0443543
The Others,209900000,17000000,2001,tt0230600
Midnight in Paris,151100000,17000000,2011,tt1605783
To Rome with Love,73244881,17000000,2012,tt1859650
Left Behind,19682924,16000000,2014,tt2467046
The Ice Harvest,9016782,16000000,2005,tt0400525
Léon: The Professional,45284974,16000000,1994,tt0110413
Moonrise Kingdom,68263166,16000000,2012,tt1748122
Rust and Bone,19500000,16000000,2012,tt2053425
Vicky Cristina Barcelona,96000000,15500000,2008,tt0497465
Queen of Katwe,9897056,15000000,2016,tt4341582
Twins,216614388,15000000,1988,tt0096320
Leaving Afghanistan,47500000,15000000,2019,tt8615732
Annabelle: Creation,306515884,15000000,2017,tt5140878
Colossal,4500000,15000000,2016,tt4680182
The Danish Girl,64191523,15000000,2015,tt0810819
Wild,52501541,15000000,2014,tt2305051
Jock the Hero Dog,1400000,15000000,2011,tt1822239
The Importance of Being Earnest,17290970,15000000,2002,tt0278500
National Lampoon's Vacation,61399552,15000000,1983,tt0085995
Road House,30050028,15000000,1989,tt0098206
Whatever Works,35100000,15000000,2009,tt1178663
Double Impact,80500000,15000000,1991,tt0101764
The Woman in Black,127730736,15000000,2012,tt1596365
Uncle Buck,79200000,15000000,1989,tt0098554
Kindergarten Cop,201957688,15000000,1990,tt0099938
First Blood,125212904,15000000,1982,tt0083944
The Artist,133432856,15000000,2011,tt1655442
The Thing,19629760,15000000,1982,tt0084787
A Dirty Shame,1914166,15000000,2004,tt0365125
Mulholland Drive,20000000,15000000,2001,tt0166924
The Big Lebowski,46000000,15000000,1998,tt0118715
Passenger 57,44065653,15000000,1992,tt0105104
Slumdog Millionaire,377910544,15000000,2008,tt1010048
Predator,98267558,15000000,1987,tt0093773
Black Lightning,21500000,15000000,2009,tt1569364
Mama,146428180,15000000,2013,tt2023587
"New York, I Love You",8093074,14700000,2009,tt0808399
Groundhog Day,70906973,14600000,1993,tt0107048
Proud Mary,21613306,14000000,2018,tt6421110
The Imitation Game,233555708,14000000,2014,tt2084970
Soul Survivors,4299441,14000000,2001,tt0218619
Sparkle,24637469,14000000,2012,tt1876451
Stan Helsing,11014125,14000000,2009,tt1185266
Beverly Hills Cop,316360478,14000000,1984,tt0086960
The Crimson Rivers,60000000,14000000,2000,tt0228786
Brokeback Mountain,178000000,14000000,2005,tt0388795
Super Troopers 2,26210667,13500000,2018,tt0859635
Teenage Mutant Ninja Turtles,201965915,13500000,1990,tt0100758
Manhattan Murder Mystery,11300000,13500000,1993,tt0107507
Downfall,92200000,13500000,2004,tt0363163
Seven Psychopaths,23500000,13500000,2012,tt1931533
Parasite,204581001,13200000,2019,tt6751668
The Call,68572378,13000000,2013,tt1911644
The Great Mouse Detective,38625550,13000000,1986,tt0091149
Robinson Crusoe,39500000,13000000,2016,tt4731008
Katy Perry: Part of Me,32726956,13000000,2012,tt2215719
RoboCop,53424681,13000000,1987,tt0093870
The Perks of Being a Wallflower,33400000,13000000,2012,tt1659337
The Texas Chainsaw Massacre: The Beginning,51700000,13000000,2006,tt0420294
Pan's Labyrinth,83258226,13000000,2006,tt0457430
The Drop,18700000,12600000,2014,tt1600196
About Last Night,48637684,12500000,2014,tt1826590
Youth,2700000,12300000,2015,tt3312830
The Land Before Time,84460846,12300000,1988,tt0095489
Beverly Hills Chihuahua,149281606,12000000,2008,tt1014775
"Three Billboards Outside Ebbing, Missouri",158773427,12000000,2017,tt5027774
Hell or High Water,35000000,12000000,2016,tt2582782
The Rover,1875423,12000000,2014,tt2345737
About Time,122000000,12000000,2013,tt2194499
Philomena,100000000,12000000,2013,tt2431286
The Edge,5122737,12000000,2010,tt1706414
The Hole,10362785,12000000,2009,tt1085779
The Fox and the Hound,63456988,12000000,1981,tt0082406
Five Minarets in New York,21000000,12000000,2010,tt1686039
Centurion,6814789,12000000,2010,tt1020558
Vysotsky. Thank You For Being Alive,27400000,12000000,2011,tt2116974
Yentl,40200000,12000000,1983,tt0086619
Peaceful Warrior,4300000,12000000,2006,tt0438315
Jobs,35931410,12000000,2013,tt2357129
Jackie Brown,72000000,12000000,1997,tt0119396
Tideland,566611,12000000,2005,tt0410764
A Walk to Remember,47494916,11800000,2002,tt0281358
Priceless,20000000,11700000,2006,tt0482088
The Intouchables,426588510,11500000,2011,tt1675434
Return to the Blue Lagoon,2807854,11000000,1991,tt0102782
"I, Tonya",18844022,11000000,2017,tt5580036
White Tiger,7200000,11000000,2012,tt2318405
I Think I Love My Wife,13196245,11000000,2007,tt0770772
Bienvenue chez les Ch'tis,245000000,11000000,2008,tt1064932
Don't Come Knocking,4600000,11000000,2005,tt0377800
Out on a Limb,1660000,11000000,1992,tt0105078
Machete,44093316,10500000,2010,tt0985694
E.T. the Extra-Terrestrial,792910554,10500000,1982,tt0083866
Ozzy,1148672,10000000,2016,tt5770430
Lady Bird,35216209,10000000,2017,tt4925292
"Everything, Everything",15356113,10000000,2017,tt5001718
The Icebreaker,5726092,10000000,2016,tt5317914
The Book of Henry,4600000,10000000,2017,tt4572792
Battalion,8903193,10000000,2015,tt4187590
While We're Young,7587485,10000000,2014,tt1791682
Legenda No. 17,922622011,10000000,2013,tt2182001
The Best Movie 2,11000000,10000000,2009,tt1364289
Mirror Wars,1685787,10000000,2005,tt0337678
Kit Kittredge: An American Girl,17655201,10000000,2008,tt0846308
Krrish,18000000,10000000,2006,tt0432637
Big Stan,8742330,10000000,2007,tt0490086
S1m0ne,19576023,10000000,2002,tt0258153
Commando,57491000,10000000,1985,tt0088944
Thank You for Smoking,39323027,10000000,2005,tt0427944
Wilde,2000000,10000000,1997,tt0120514
Hard to Kill,48915430,10000000,1990,tt0099739
Romancing the Stone,86572238,10000000,1984,tt0088011
Dogma,30652890,10000000,1999,tt0120655
Don't Breathe,152718657,9900000,2016,tt4160708
The 9th Company,25555809,9500000,2005,tt0417397
Happy Death Day 2U,90126645,9000000,2019,tt8155288
Jackie,22700000,9000000,2016,tt1619029
Split,278454358,9000000,2016,tt4972582
The Purge: Anarchy,110602999,9000000,2014,tt2975578
Metro,15080000,9000000,2013,tt2649128
The Strangers,82000000,9000000,2008,tt0482606
Flight of the Navigator,18564613,9000000,1986,tt0091059
"""Crocodile"" Dundee II",239606210,9000000,1988,tt0092493
Memento,39665951,9000000,2000,tt0209144
Amour,29900000,8900000,2012,tt1602620
"""Crocodile"" Dundee",328203506,8800000,1986,tt0090555
Love Me No More,10900000,8800000,2008,tt0996930
Heartbreaker,41000000,8700000,2010,tt1465487
Manchester by the Sea,38966212,8500000,2016,tt4034228
Nightcrawler,38600000,8500000,2014,tt2872718
Rzhevsky versus Napoleon,7805333,8500000,2012,tt1728245
The Last Warrior,397995156,8250000,2017,tt6175394
Mary and Max,1725381,8240000,2009,tt0978762
Day of the Dead: Bloodline,259361,8000000,2018,tt3053228
A Street Cat Named Bob,8370555,8000000,2016,tt3606888
That Awkward Moment,40468955,8000000,2014,tt1800246
Begin Again,63500000,8000000,2013,tt1980929
The Triplets of Belleville,14776760,8000000,2003,tt0286244
"Tad, The Lost Explorer",68000000,8000000,2012,tt1764625
The Snow Queen 2: The Snow King,14267119,8000000,2015,tt3477554
American Psycho,34000000,8000000,2000,tt0144084
50/50,39187783,8000000,2011,tt1306980
Youngblood,15000000,8000000,1986,tt0092272
Pulp Fiction,213928762,8000000,1994,tt0110912
Iron Sky,8135031,7500000,2012,tt1034314
(500) Days of Summer,60700000,7500000,2009,tt1022603
Melancholia,15946321,7400000,2011,tt1527186
Gagarin: First in Space,1100000,7000000,2013,tt2856930
Passenger,190000,7000000,2008,tt1515882
Moscow Heat,1100000,7000000,2004,tt0369738
"The Return of the Musketeers, or The Treasures of Cardinal Mazarin",2535164,7000000,2009,tt1370439
Only Lovers Left Alive,7600000,7000000,2013,tt1714915
Crazy Heart,47400000,7000000,2009,tt1263670
Mortadelo & Filemon: The Big Adventure,22847347,7000000,2003,tt0314121
The Last Temptation of Christ,8373585,7000000,1988,tt0095497
Fargo,60600000,7000000,1996,tt0116282
"Good Night, and Good Luck.",54641191,7000000,2005,tt0433383
Ghost World,8764007,7000000,2001,tt0162346
Buffy the Vampire Slayer,16624456,7000000,1992,tt0103893
Incendies,16000000,6800000,2010,tt1255953
The Girl with All the Gifts,2323090,6600000,2016,tt4547056
Annabelle,256873813,6500000,2014,tt3322940
The Best Movie 3,9816332,6500000,2011,tt1796603
Q4096414,7852528,6500000,2012,tt1765729
The Terminator,78475971,6400000,1984,tt0088247
The Fixies: Top Secret,7310903,6000000,2017,tt6106526
Movie 43,32438988,6000000,2013,tt1333125
Unplanned,18453952,6000000,2019,tt9024106
Crimea,5815369,6000000,2017,tt6990206
Shadowboxing 2: Revenge,12859418,6000000,2007,tt0459759
The Guard,17600000,6000000,2011,tt1540133
Lionheart,24271196,6000000,1990,tt0100029
The Last King of Scotland,48363516,6000000,2006,tt0455590
Dirty Dancing,213954274,6000000,1987,tt0092890
The Room,1800,6000000,2003,tt0368226
Don Jon,30240052,6000000,2013,tt2229499
Fahrenheit 9/11,222400000,6000000,2004,tt0361596
The Wrestler,44700000,6000000,2008,tt1125849
The Sense of Wonder,3850054,5815566,2015,tt4084056
Yolki 2,26231525,5800000,2011,tt2124096
Loving Vincent,30500000,5500000,2017,tt3262342
Transit,300000,5300000,2006,tt0416111
Q4345343,130000,5200000,2006,tt0933382
It Comes at Night,8500000,5000000,2017,tt4695012
Blair Witch,45172994,5000000,2016,tt1540011
The Belko Experiment,10600000,5000000,2017,tt1082807
90 Minutes in Heaven,4842699,5000000,2015,tt4337690
Incarnate,6341855,5000000,2015,tt3216348
Battle for Sevastopol,8000000,5000000,2015,tt4084744
Rudderless,37440,5000000,2014,tt1798243
Office Romance. Our Time,14600000,5000000,2011,tt1764600
The Best Movie,30496695,5000000,2008,tt1179067
The Last Exorcism Part II,15179302,5000000,2013,tt2034139
The Irony of Fate 2,55635037,5000000,2007,tt0987918
The New Adventures of Pippi Longstocking,3569939,5000000,1988,tt0093744
Bad Boys,9000000,5000000,1983,tt0085210
Black Hunters,8228500,5000000,2008,tt1192431
Wishmaster,15738769,5000000,1997,tt0120524
The Gods Must Be Crazy,34000000,5000000,1980,tt0080801
Apollo 18,25500000,5000000,2011,tt1772240
Moon,9760104,5000000,2009,tt1182345
Lights Out,148000000,4900000,2016,tt4786282
Happy Death Day,125479266,4800000,2017,tt5308322
American Gigolo,22000000,4800000,1980,tt0080365
The Very Private Life of Mister Sim,983751,4615498,2015,tt4313614
Get Out,255407663,4500000,2017,tt5052448
Maggie,187112,4500000,2015,tt1881002
The Romantics,123820,4500000,2010,tt1403988
The Blue Lagoon,58853106,4500000,1980,tt0080453
Day Watch,38862717,4200000,2006,tt0409904
Wild Tales,27000000,4000000,2014,tt3011894
Four Rooms,4257354,4000000,1995,tt0113101
Orbiter 9,281319,4000000,2017,tt3469798
The Darkness,10900000,4000000,2016,tt1878841
The Signal,2423801,4000000,2014,tt2910814
The State Counsellor,7522000,4000000,2005,tt0450158
Radio Day,5700000,4000000,2008,tt1217565
Alesha Poppovich and the Snake's Tugarin,48376440,4000000,2004,tt0415481
Talk Radio,3468572,4000000,1988,tt0096219
Three heroes and the King of the Sea,13358307,4000000,2017,tt6389344
scoop,39000000,4000000,2006,tt0457513
Saw II,147700000,4000000,2005,tt0432348
Lost in Translation,119000000,4000000,2003,tt0335266
The House of the Sun,100000,3740000,2010,tt0962764
Morphine,766075,3600000,2008,tt1186366
Bend It Like Beckham,76600000,3600000,2002,tt0286499
Truth or Dare,92953572,3500000,2018,tt6772950
The Queen of Spades,502105,3500000,2016,tt2231457
Call Me by Your Name,29432427,3500000,2017,tt5726616
Krepost. Schitom i mechom,1176906,3500000,2015,tt5172306
Shadowboxing,8262833,3500000,2005,tt0415678
Piranha,6221316,3500000,2006,tt0477349
The Full Monty,257938649,3500000,1997,tt0119164
Airplane!,83453539,3500000,1980,tt0080339
Babysitting,20300000,3400000,2014,tt3013602
Shirli-Myrli,231000,3400000,1995,tt0114429
Whiplash,48982041,3300000,2014,tt2582802
Amy,25000000,3100000,2015,tt2870648
Ivan Tsarevich and the Gray Wolf 2,20962988,3000000,2013,tt3338434
4x4,1292773,3000000,2019,tt8561690
Upgrade,14316615,3000000,2018,tt6499752
Mafia: The Game of Survival,4026795,3000000,2016,tt4471388
Love & Friendship,21200000,3000000,2016,tt3068194
Q15709915,5000000,3000000,2014,tt3451498
The Disappearance of Eleanor Rigby,985007,3000000,2013,tt3729920
The Purge,89328627,3000000,2013,tt2184339
Q4271793,17850711,3000000,2008,tt1414840
Konservy,2069986,3000000,2007,tt0956299
Election Day,6200000,3000000,2007,tt1198196
Before Midnight,20737030,3000000,2013,tt2209418
Heathers,1108462,3000000,1989,tt0097493
Choke,3980000,3000000,2008,tt1024715
Hobo with a Shotgun,748453,3000000,2011,tt1640459
Fish Tank,2300000,3000000,2009,tt1232776
Trollhunter,4155588,3000000,2010,tt1740707
Q16141765,855840,2800000,2014,tt2360390
Q4299869,2372984,2700000,2011,tt2158649
The Great Game,226708,2500000,2015,tt4333408
Q18405973,13422611,2500000,2014,tt4156700
Love in Vegas,15880000,2500000,2013,tt2739884
Platon,5129300,2500000,2008,tt1202532
12,7537453,2500000,2007,tt0488478
Life After Beth,254881,2400000,2014,tt2581244
Q17582632,13969785,2300000,2014,tt3711466
8 First Dates,9100000,2300000,2012,tt2258239
Curdled,49620,2300000,1996,tt0115994
7 Virgins,4859866.81,2220650,2005,tt0461894
The PyraMMMid,33000000,2200000,2011,tt1606652
The Florida Project,4870688,2000000,2017,tt5649144
The Very Best Day,10744717,2000000,2015,tt5083604
Hardcore Henry,14333790,2000000,2015,tt3072482
What Men Do!,11300000,2000000,2013,tt2649152
Our Russia. The Balls of Fate,22212223,2000000,2010,tt1569465
"Buben, baraban",14800,2000000,2009,tt1435475
Q4169298,7232000,2000000,2013,tt2593290
Q3604731,5104707,2000000,2012,tt2475794
Courageous,34522221,2000000,2011,tt1630036
Sample People,47252,2000000,2000,tt0177195
Shortbus,5400000,2000000,2006,tt0367027
The Proposition,5000000,2000000,2005,tt0421238
What Men Talk About,12060112,1950000,2010,tt1595366
Night Watch,33899078,1800000,2004,tt0403358
What We Do in the Shadows,5886859,1600000,2014,tt3416742
Dert Bende,9070,1500000,2019,tt10783920
Unforgiven,5710418,1500000,2018,tt7394636
The Groom,7737173,1500000,2016,tt6070530
Moonlight,50183838,1500000,2016,tt4975722
Gorko!,25505814,1500000,2013,tt3194532
Brother 2,1080000,1500000,2000,tt0238883
Kickboxer,39286030,1500000,1989,tt0097659
Insidious,97009150,1500000,2010,tt1591095
Little Forest,7500000,1400000,2018,tt6083230
Q29958797,1019699,1400000,2015,tt4647432
Q58874656,63000,1200000,2014,tt4058346
Saw,103100000,1200000,2004,tt0387564
Q4112945,320395,1100000,2012,tt2400314
The Raid,4100000,1100000,2011,tt1899353
Space Station 3D,127000000,1000000,2002,tt0290296
Q28667328,1492651,1000000,2016,tt5437194
I Am Not Your Negro,6200000,1000000,2016,tt5804038
The Witch,40423945,1000000,2015,tt4263482
Unfriended,64056643,1000000,2014,tt3713166
Bury Me Behind the Baseboard,1136883,1000000,2009,tt1403085
The Breakfast Club,51500000,1000000,1985,tt0088847
Q48954091,399733,900000,2018,tt6964554
Unforgotten Shadows,643000,877000,2013,tt2245906
Racketeer,1200000,800000,2007,tt1677719
Raising Victor Vargas,2816116,800000,2002,tt0316188
The Barbarians,800000,800000,1987,tt0092615
All at Once,3442454,750000,2014,tt3805180
Tyrannosaur,244500,750000,2011,tt1204340
Hoop Dreams,11800000,700000,1994,tt0110057
A Matter of Faith,677577,600000,2014,tt2587914
Winter Flight,388000,581000,1984,tt0088407
Sharma and Beyond,340000,504000,1984,tt0091937
To smithereens,403557,400000,2011,tt1855417
The Return,4400000,400000,2003,tt0376968
Q4425710,14000,300000,2012,tt2569398
Chasing Amy,12021272,250000,1997,tt0118842
Q35868033,311110,100000,2017,tt7623230
Inadequate people,621262,100000,2010,tt1722450
Eraserhead,7000000,100000,1980,tt0074486
The Blair Witch Project,248639099,60000,1999,tt0185937
My Life's In Turnaround,196383,22000,1993,tt0107631
Primer,424760,7000,2004,tt0390384
Following,48500,6000,1998,tt0154506
Head of State,38620740,35.2,2003,tt0325537
